CropType,"HHV, MJ/kg",Ash content,Moisture content,Carbon,Oxygen,Hydrogen,Nitrogen,Sulfur,Country,Dataset
Wheat Straw,16.98935668136744,11.305065775,4.733333333,47.94624699097351,45.21387030319995,5.964658456794746,0.694399838481869,0.18077627476813204,USA,BFL
Wheat Straw,18.48781935085116,6.00489298,4.633333333,49.027591632184084,43.40656309835222,6.380332412115807,1.0762419992614634,0.10927041444630295,USA,BFL
Wheat Straw,17.770963838295348,7.679304543,3.463333333,48.78969837048029,44.7118884500021,6.088290033103102,0.3585481244063805,0.05158769305651809,USA,BFL
Wheat Straw,17.83888001111628,7.124992658,4.046666666,49.35964163339447,44.1571302427817,6.064759391359748,0.35756873512495657,0.060901440138483184,USA,BFL
Wheat Straw,17.599404803760464,8.289018843,4.09,49.249657800169025,44.227577046158416,6.049146063002903,0.40305061873366127,0.07056616468775,USA,BFL
Wheat Straw,17.0937368730907,11.329220302,4.406666666,47.98260656769622,44.58703462476911,6.201611606133235,1.0484680276483114,0.1802547824033683,USA,BFL
Wheat Straw,16.287264216513954,15.954109621,4.643333333,48.2452115268821,44.35240283481369,6.1760712660579715,1.0677033474848139,0.1585783283382306,USA,BFL
Wheat Straw,16.86802841353256,14.053788736,4.936666666,49.21096652310018,43.15019747884346,6.09161641915562,1.3103504545891789,0.23686916038063088,USA,BFL
Switchgrass,18.535301298265114,6.839202112,5.601666666,49.04488037654021,43.42692196307523,6.350804952436003,1.0609122467888497,0.12773838749542163,USA,BFL
Prarie Cord Grass,18.53103726936279,7.049654206,4.361666666,49.71913210997774,43.0602396108392,6.256118828097321,0.8434019941543931,0.1422671092510729,USA,BFL
Miscanthus,18.870200276993025,4.100068933,3.896666666,49.29670077653258,44.19019406634669,6.177418762544396,0.2955089454673424,0.04463611863296732,USA,BFL
Sorghum,17.245266855134883,8.421363833,2.725,47.37710218230401,44.65287016333122,6.403651562691873,1.4406957126922464,0.12592172566286172,USA,BFL
Wheat Straw,17.241784467318606,13.397009528,4.73,49.76042197865317,42.45993374199795,6.11180452794099,1.4155623383425282,0.252274556351073,USA,BFL
Wheat Straw,16.58974501090465,14.404877137,4.893333333,48.704445901345444,43.516841379640375,6.075754533729432,1.4027106438315575,0.3002456745243962,USA,BFL
Distillers Grain,21.777306884146512,7.186614667,8.58,54.11638384462806,32.46702967776123,7.675955497624689,4.82707737243484,0.9135572912870856,USA,BFL
Wheat Straw,16.976361327362792,12.343679563,4.836666666,48.343650699388526,44.3593290867672,5.956375328066065,1.1211267414610562,0.21950646689338174,USA,BFL
Wheat Straw,17.22265779565349,10.363061098,4.983333333,48.2282315756718,45.09830631007641,5.911584447114323,0.6220067360952236,0.13983400541716104,USA,BFL
Wheat Straw,17.451558827411628,8.779569436,4.323333333,49.03868887969701,44.22373092472614,6.01843061807103,0.5949776520943018,0.12417121614058861,USA,BFL
Corn Stover,18.112752838990698,7.287733775,5.503333333,48.906136390799894,44.10629206901366,5.972960007860061,0.9541414464545411,0.08590914152255154,USA,BFL
Pine,21.18655141641628,1.428388731,7.565,51.80898933328159,41.82842314556626,6.336445307721471,0.5526136085099282,0.015747145451077367,USA,BFL
Switchgrass,19.04849851817442,4.682212317,4.763333333,50.11852219637715,42.744763060910415,6.138177409717085,0.929433854409531,0.07779737528803929,USA,BFL
Corn Stover,16.15832033616977,19.510819979,6.36,49.62403189171384,43.51839060462678,6.2359626929861225,0.5572150093751543,0.05358448923041241,USA,BFL
Switchgrass,18.549492129227907,5.56649229,6.823333333,52.98291791580004,40.48838104205163,5.7038329758342945,0.7534530891143152,0.07142099836757192,USA,BFL
Switchgrass,18.440258717576747,4.955116182,4.61,50.16435460145243,43.03246115205852,5.907285674367555,0.8292622751891173,0.06665687563079725,USA,BFL
Switchgrass,18.509481596,4.133664751,5.733333333,49.16343990367738,44.14170326745792,5.871166769211314,0.7765372099250716,0.047154291318830345,USA,BFL
Switchgrass,18.91681666079302,4.4575848,5.853333333,48.73744718251586,44.35572359175613,6.096029702418492,0.7343413075033924,0.05642023376440666,USA,BFL
Switchgrass,18.34046544832558,5.921821718,6.616666666,51.86408842945839,41.337026936713826,5.780347566573217,0.9409469732146912,0.07758384604473692,USA,BFL
Switchgrass,18.340062048246512,5.730380272,5.3,50.541410361548756,42.4789968619189,5.717418635559769,1.1750037787316956,0.08717422456684762,USA,BFL
Switchgrass,18.728437345099998,6.594578472,6.135,49.16684514210268,44.699162058258295,6.300103113646322,0.7434647600105632,0.10336295519105212,USA,BFL
Switchgrass,18.27952835384884,5.919346348,6.69,52.12523301591399,41.367638916455,5.736280567269714,0.7036148935025258,0.06724256427256992,USA,BFL
Switchgrass,18.318880707602325,6.183862627,6.153333333,51.63670320852702,41.70061088473161,5.847661657810769,0.7353652914285816,0.07967668792715901,USA,BFL
Switchgrass,18.417495238632558,4.44232336,5.53,49.097922760044206,44.01880437033614,5.96738731256788,0.8584373017882951,0.05744405570553855,USA,BFL
Oak,19.93297700406512,1.840562991,8.723333333,51.152947273318446,42.62605335456809,5.892138026901792,0.3100561925310299,0.018810224021870745,USA,BFL
Poplar,19.65665833041628,1.422663043,6.513333333,50.547618327055716,43.188702691949516,6.129733441303842,0.11851918768201586,0.015426627934403879,USA,BFL
Willow,19.899516981939534,1.873011271,6.033333333,51.652089399153134,41.93215887184325,6.125085369325845,0.27405829271159843,0.01661485103249856,USA,BFL
Maple,19.54773332017907,0.406774801,4.123333333,50.215039863476726,43.41579042811655,6.141973535627019,0.10669203531433272,0.009673252353009181,USA,BFL
Lodge Pole Pine,20.96860354448372,1.452322433,5.436666666,53.514701162942316,39.74709238010145,6.35387092277533,0.364216596333257,0.02015238358762732,USA,BFL
Corn Stover,18.45163419455581,3.549806886,5.806666666,50.70208383014809,42.854947910934044,6.017635238054832,0.3853289392181154,0.040387238990759244,USA,BFL
Corn Stover,18.597305138669768,3.268407781,5.976666666,51.16166010371872,42.29029970930722,6.045000735397231,0.46273274194289626,0.04001270951104802,USA,BFL
Corn Stover,18.30782226175814,3.839269108,5.016666666,50.68464605030864,42.5930126123942,6.178389414149379,0.4961059764986546,0.047844968079197074,USA,BFL
Corn Stover,18.35192788691628,3.64019778,5.316666666,50.78001927326911,42.520809344807724,6.086403087056897,0.5704065962538045,0.042355044385436684,USA,BFL
Corn Stover,18.41041763878372,3.700742332,4.973333333,51.12448146872874,42.209572789372665,6.05702714356255,0.5680801485365817,0.040866218445500216,USA,BFL
Corn Stover,18.225671764718605,3.488861662,5.126666666,50.81000364565402,42.54835675669533,6.108951138211369,0.4792129270926847,0.053474825692403596,USA,BFL
Corn Stover,18.25933931295814,3.631783049,6.106666666,49.8327512372861,43.448362799209725,6.206738773678154,0.456750792871687,0.05539878467103465,USA,BFL
Corn Stover,18.261432471332558,3.410747271,5.696666666,49.99695256209481,43.43298929923746,6.136678917716032,0.38675893481453544,0.04638062489798062,USA,BFL
Corn Stover,18.230190904702326,4.103525749,6.016666666,50.30917415662642,42.78985068898099,6.207965908546341,0.6299834719874492,0.06298540219727645,USA,BFL
Corn Stover,18.405503220706976,2.721683254,4.963333333,50.899547027817974,42.55223079782791,6.062266571077866,0.4518078434144701,0.03407244503062693,USA,BFL
Corn Stover,18.481610917776745,3.553765074,5.64,51.26364334484917,42.05456275314467,6.102831985630228,0.5425426668044446,0.0364185766577096,USA,BFL
Corn Stover,18.553291294481397,3.32411865,5.44,51.244094128964456,41.96952020132786,6.036311225209222,0.7113104834394147,0.0387128324845626,USA,BFL
Corn Stover,18.516270016006978,3.185216772,5.816666666,50.88463296972223,42.657855045484204,6.173838239066908,0.24614863149440835,0.03746296256697125,USA,BFL
Corn Stover,18.59152947797907,3.563396482,5.24,51.098672994847064,42.777497012635926,5.592680398572226,0.4809739601762568,0.0501842093505158,USA,BFL
Corn Stover,18.7365239623907,3.667017913,5.1,51.42127907787957,41.92642747685731,6.0065375914287715,0.6010610368908511,0.04469481486736859,USA,BFL
Corn Stover,18.446071510055816,3.554666095,6.226666666,50.654943698076885,42.97065320114099,5.985223057743739,0.34308563784530144,0.046089485307588864,USA,BFL
Corn Stover,18.31525767133721,2.704515221,5.343333333,49.75279811283502,43.705560168171516,6.156626634428252,0.3407325774192081,0.04428680128155364,USA,BFL
Corn Stover,18.355557230802326,2.966731761,5.396666666,50.16592487238855,43.27932374962617,6.173765088737094,0.3395582978700209,0.041384926766652876,USA,BFL
Miscanthus,19.750105529065117,1.401936083,5.606666666,51.36349032434521,42.47359303145454,5.937302443309598,0.21299022380072483,0.012624905100041996,USA,BFL
Hybrid Poplar,20.08820930232558,0.836666666,3.996666666,47.821103230039185,43.53423644462984,6.287337389113669,0.0,0.04033749033553842,USA,BFL
Pinyon Juniper,20.377982175327908,2.355792859,3.356666666,53.149798604087984,40.72768074359391,6.124647192192619,0.0,0.03702580527669564,USA,BFL
Pinyon Juniper,20.10851993072558,3.127415784,3.115,53.42531736595497,40.418816826126324,6.1950504857170845,0.0,0.0376396193980935,USA,BFL
Pinyon Juniper,19.782857042704652,3.709923417,2.693333333,53.026434406237136,40.674120541632846,6.026556798922013,0.2366003840526824,0.03629086842596763,USA,BFL
Pinyon Juniper,19.316609504520933,7.848156169,2.313333333,53.51140355415381,40.097692511465205,6.250833852618195,0.08953929684936246,0.05045912058501609,USA,BFL
Pinyon Juniper,19.700725733123257,4.855534458,2.723333333,53.37641357665928,40.48160881307145,6.1394047543642465,0.0,0.04140314076661735,USA,BFL
Willow,20.08143603430465,3.257532954,4.733333333,51.90459515584184,40.32118404469906,6.4323924466812485,1.2238418588571167,0.11799704668035947,USA,BFL
Willow,20.03737831732558,3.623342131,4.6,51.83410168663731,40.62739082135622,6.215306645248117,1.2140449045145338,0.10915781614153579,USA,BFL
Willow,20.222434269581395,2.786365292,4.056666666,51.65219167642935,40.568832800523296,6.433571599072526,1.224688159820471,0.12071405348898336,USA,BFL
Willow,20.31053380330465,2.732812483,4.86,51.48836416519906,40.95805031685236,6.314601822867057,1.1499531450978862,0.08902816582916538,USA,BFL
Grass Clippings,18.499313784395348,10.592261305,5.56,50.7453307501415,40.7840274166773,6.672972897069422,1.531246266802811,0.2664205855967153,USA,BFL
Corn Stover,18.15289003487442,8.557235295,6.2,49.39181940496426,43.28862351297168,6.296542741872253,0.9302776920014604,0.09276000815771704,USA,BFL
Blend (Corn Stover 90.00%; Paper 10.00%; ),19.115498953423256,5.045563487,3.413333333,49.47300001782277,43.94803622923585,5.971158492656369,0.5531548069669077,0.05465945026475332,USA,BFL
Blend (Corn Stover 70.00%; Paper 30.00%; ),18.811866065518604,5.789341067,4.076666666,49.31540462639299,44.00285536637835,6.1245849242000014,0.5023348210912784,0.05481538563139263,USA,BFL
Blend (Corn Stover 90.00%; Grass Clippings 10.00%; ),18.295624464081396,5.925990066,4.713333333,49.2826927517245,43.58567653676775,5.988634578192743,1.0749703916198325,0.08524097469243529,USA,BFL
Blend (Corn Stover 70.00%; Grass Clippings 30.00%; ),15.822074307939534,7.645205202,4.733333333,49.71055057446158,42.29428623000513,6.024557600035393,1.828149245193887,0.14245500765581162,USA,BFL
Blend (Switchgrass 90.00%; Paper 10.00%; ),18.71048097033023,5.718906139,3.186666666,49.02567124872956,44.51557535265411,5.990518007063876,0.4034400762901433,0.06479202191911446,USA,BFL
Blend (Switchgrass 70.00%; Paper 30.00%; ),19.245896151176744,5.879301718,3.673333333,49.66285636656747,43.81807444142948,5.994508020005852,0.45556822869641017,0.06493253568613595,USA,BFL
Blend (Switchgrass 90.00%; Grass Clippings 10.00%; ),18.352970717760464,5.256783702,3.68,49.346166883282095,43.7252134840967,6.028828626668204,0.8074149895797325,0.09237681326409386,USA,BFL
Wheat Straw,18.005781971751162,9.073874827,4.863333333,49.51519555940463,42.69674335306232,6.490244197442569,1.1662647726188287,0.13068361680860957,USA,BFL
Corn Stover,18.5450930839,6.908869744,6.69,49.13810949894629,44.13125315271605,6.003364266425155,0.669181470121692,0.05809125407682385,USA,BFL
Sugarcane Bagasse,18.20634210447907,10.563664936,6.093333333,50.5814328366965,42.946877865147314,6.013043897820335,0.40549286566861736,0.053135408518241875,USA,BFL
Pinyon Pine,21.75525518590465,1.845109275,3.71,53.69294715599613,39.35685761215033,6.384937187244777,0.5266346283734809,0.03861183148395788,USA,BFL
Juniper,22.13232530590465,2.889469974,3.326666666,54.69997952207449,38.14488622714996,6.484746714196665,0.6147352113516102,0.05566681593183214,USA,BFL
Pinyon Pine,21.55236531306279,1.904754749,3.4,53.51132295728155,39.452273046440524,6.40214530472972,0.5938123947899114,0.04043900078795676,USA,BFL
Juniper,21.230368604688373,2.850246823,3.633333333,53.57510291783456,39.60322764783796,6.245992298039701,0.5262623128527313,0.04943745241688438,USA,BFL
Grass Clippings,18.93004667233721,13.570262068,5.356666666,51.575396599109524,36.871413864603596,6.571381402855276,4.5078655382078665,0.47396096621546335,USA,BFL
Corn Stover,18.4350099252,6.466098838,5.61,49.71533107708312,43.905840770901385,5.988003517889663,0.3392396639699992,0.05160463040710822,USA,BFL
Grass Clippings,18.726556243655814,13.123514301,3.836666666,50.645578491104246,39.29214354764459,6.44257778381156,3.307425636386066,0.3122850743985871,USA,BFL
Switchgrass,18.96441022936977,5.237742446,6.13,49.35509376013784,44.270974996658005,6.009128152898922,0.2906842609179404,0.07412126284557385,USA,BFL
Switchgrass,19.091409130427905,4.757686321,5.976666666,49.43197575573043,44.201310092997325,5.98244308428252,0.3206737459459067,0.06359947974820764,USA,BFL
Switchgrass,19.66095981018372,4.151185311,5.81,49.532196922878114,43.98507565564957,6.024510138947703,0.40073475738462194,0.05748412349049452,USA,BFL
Switchgrass,19.273547286381394,4.079755813,5.876666666,49.3609020497228,44.39940183844103,5.931845443290833,0.23228724852453755,0.04335240944438277,USA,BFL
Switchgrass,19.283350096060467,3.609288694,5.983333333,49.439437740754215,44.19695790267312,6.015483474950838,0.3060175799134693,0.04210284212050817,USA,BFL
Switchgrass,18.98659874895814,5.28778506,5.946666666,49.52851634999468,44.19626265895879,5.980506232050749,0.23304521506526601,0.06167490226789116,USA,BFL
Switchgrass,18.999611230734885,4.92637664,5.136666666,49.34988646150616,44.25764425394042,5.999009319760083,0.30018476725067567,0.09326605936143002,USA,BFL
Switchgrass,19.22844685440465,3.952611634,5.463333333,49.475404154582556,44.03102122448813,6.032987925626114,0.4110866393320586,0.0495007337615754,USA,BFL
Switchgrass,19.245128089569764,4.285761906,5.89,49.373495114268074,44.13756033194423,6.026727784569392,0.4032305680801254,0.058983085614238394,USA,BFL
Switchgrass,19.03443696704186,4.626381558,5.83,49.45664909388424,44.07233774878947,5.926799449721564,0.4515476376330396,0.07191025476474708,USA,BFL
Switchgrass,18.806558840076743,5.908754112,5.733333333,49.389672133065844,44.27679386517,5.972722540723342,0.2797586816028876,0.08103647717744206,USA,BFL
Switchgrass,19.180221331693023,4.354508228,6.226666666,49.57968217994181,44.167780611868814,5.937605116337046,0.2552979742966656,0.059672225990591035,USA,BFL
Miscanthus,19.465279688825582,1.486648462,4.706666666,50.29451001460252,42.7590097295102,6.622591138302116,0.18109203089206138,0.12323739280474057,USA,BFL
Hybrid Poplar,19.04164755828372,0.833782573,3.653333333,50.33549578992958,42.792464390646444,6.557521892762513,0.1328978773411575,0.16986858969790197,USA,BFL
Lodge Pole Pine,19.75351660506977,1.6304393,4.73,51.383444404260715,41.57873235475372,6.672484594108795,0.1394685713992418,0.19381592297788924,USA,BFL
Corn Stover,18.300719070560465,4.993909093,4.75,49.39535323470753,43.39671765188081,6.343579322613673,0.6804310700803393,0.12028078927261741,USA,BFL
Switchgrass,18.788776511044187,5.272601853,4.663333333,49.72634673328858,42.8842648818034,6.573102563566181,0.651106829771544,0.11813976124028505,USA,BFL
cotton gin waste,17.95,9.36,10.3,54.09311562224184,38.70255957634598,5.196381288614298,1.6,0.4,0.0,Phyllis2
"algae, Synechococcus residu after PC extraction",24.799377916018663,3.55,7.98,52.384655261793675,23.92949714878175,7.128045619491965,13.182996371176776,0.49517884914463456,Netherlands,Phyllis2
urban waste wood,20.662256933375836,5.89,30.78,50.99554776325576,41.50871320794815,5.894729571777707,1.5350855381999786,0.10745595579640846,0,Phyllis2
Undaria pinnatifida (Wakame),17.546362339514978,26.3,6.6,47.503566333808834,48.074179743223965,6.419400855920114,4.56490727532097,1.6351070945092294,0,Phyllis2
"algae, Monodus subterraneus",28.70507514702679,8.18,83.7,59.62753212807667,25.571770856022653,7.264212589849706,7.253321716401655,0.4791984317142235,0,Phyllis2
"wood, birch + maple",19.86154544537476,0.87,10.0,50.5800464037123,43.17562796328054,6.153535761121759,0.03026329062846767,0.03026329062846767,0,Phyllis2
"wood, demolition wood",21.193162983425413,13.12,9.01,53.29189686924493,39.652394106814,6.203959484346224,0.6560773480662982,0.13812154696132595,0,Phyllis2
"wood, oak, red",20.064080517904106,1.14,9.0,50.34392069593365,43.37446894598422,6.059073437183897,0.20230629172567266,0.0,0,Phyllis2
"wood, pine",20.607303596544103,0.46,7.71,51.78822583885875,42.05344585091421,6.007635121559173,0.11050833835643963,0.020092425155716298,0,Phyllis2
reed canary grass,18.3240350877193,3.1,8.2,47.47162022703819,45.30443756449949,6.0887512899896805,0.6191950464396285,0.0825593395252838,0,Phyllis2
olive residue,24.455739957716702,5.4,7.5,44.56887949260042,48.234672304439755,5.485400634249472,1.7141881606765328,0.0,0,Phyllis2
cotton stalks,18.109996856334487,4.57,16.8,53.6,38.9,5.2,1.3,1.0,0,Phyllis2
"wood, willow variety",19.579322548028312,1.1,13.58,48.4732052578362,44.914054600606676,5.904954499494439,0.6370070778564206,0.06066734074823053,0,Phyllis2
sunflower pellets,18.526379051298562,6.82,8.59,50.32195750160979,35.75874651212707,7.201116119338915,6.417686198755098,0.3112255848894612,0,Phyllis2
"algae, Synechococcus",23.133134200981438,6.26,3.8,50.65073607851504,25.72007680819287,7.24343930019202,12.33198207808833,0.5333902282910177,0,Phyllis2
"wood, chipped, smaller than 10 mm",19.891304347826086,8.0,13.7,50.8695652173913,41.32608695652174,5.434782608695652,2.1739130434782608,0.10869565217391304,0,Phyllis2
"wood, oak, birch, maple",19.68582437639424,1.38,11.8,49.787061447982154,43.89576150882174,5.941999594402758,0.32447779355100387,0.040559724193875484,0,Phyllis2
miscanthus,19.650947281713346,2.88,42.0,49.773476112026366,44.06919275123558,5.611614497528831,0.3603789126853377,0.03088962108731466,0,Phyllis2
rice husk,19.307348859659708,17.13,10.0,46.965126101122245,45.78255098346808,6.697236635694461,0.42234825630505607,0.024134186074574637,0,Phyllis2
"wood, softboard",19.509703779366703,2.1,12.0,49.79570990806946,43.52772216547497,6.151917262512768,0.3482217568947906,0.04642956077630235,0,Phyllis2
"wood, oak, birch, maple",19.78695254547302,1.59,4.3,50.33025099075297,43.146021745757544,6.1477492124784066,0.28452393049486846,0.07113098262371711,0,Phyllis2
"Used wood, chemically treated (class B)",20.505050505050505,1.0,26.1,50.505050505050505,43.24242424242424,5.95959595959596,0.27272727272727276,0.020202020202020204,Finland,Phyllis2
"wood pellets from Labee, brown",19.716885743174924,1.1,9.0,50.05055611729019,42.77047522750252,6.268958543983822,0.9403437815975734,0.08088978766430738,0,Phyllis2
"Used wood, chemically untreated (class A)",20.505050505050505,1.0,33.6,50.70707070707071,42.92929292929293,6.161616161616161,0.20202020202020204,0.0,Finland,Phyllis2
rape,19.748128898128897,3.8,13.2,40.39443866943867,54.11872141372142,4.6106902286902285,0.8023798336798337,0.0,0,Phyllis2
wood doors,19.74293059125964,2.75,9.0,49.492925449871464,43.84304370179949,6.1018673521850895,0.4858894601542416,0.1129975321336761,0,Phyllis2
"wood, pine",20.592074452116485,0.07,5.82,52.92704893425398,40.5483838687081,6.2944060842589815,0.18012608826178325,0.020014009806864807,0,Phyllis2
"Spruce Bark, 0.1 M acetic acid prewashed  - 10 min",19.219771241830067,2.08,1.85,49.622140522875824,44.57720588235294,5.606617647058824,0.2553104575163399,0.0,0,Phyllis2
"wood, oak",18.220926966292136,0.32,5.3,49.57786918138042,43.9707062600321,5.56162018459069,0.815704253611557,0.0847484951845907,0,Phyllis2
Seed hemp,19.683026584867076,2.2,13.6,49.28425357873211,44.171779141104295,6.032719836400818,0.40899795501022496,0.06134969325153374,Sweden,Phyllis2
pine sawdust,21.10578761952692,0.65,40.0,54.27277302466029,38.86260694514343,6.572722697533971,0.21137393054856565,0.04026170105686965,0,Phyllis2
cotton seed husks,19.38,2.85,9.7,49.89999999999999,42.699999999999996,6.3,1.0,0.09999999999999999,0,Phyllis2
"flax straw, Canada",17.572875749431464,3.26,7.9,43.1,49.92999793260285,6.2,0.6799999999999999,0.09,0,Phyllis2
"wood, oak, red",19.666046090369324,0.63,6.88,50.39750427694475,43.22230049310657,6.088356646875314,0.2113313877427795,0.0,0,Phyllis2
prune pits,20.37933867532204,1.41,33.59,49.96449944213409,42.41809514149508,6.684247895324069,0.8520133887818236,0.07100111573181865,0,Phyllis2
"algae, chlorella residu after hot water extraction",26.096362876254183,4.32,5.74,55.57065217391305,22.39757525083612,7.065217391304348,11.24581939799331,0.7449832775919732,0,Phyllis2
Dakota switch grass,19.337837759191213,3.605769,12.64,49.22218841083965,43.92589635369362,5.961287247573975,0.7718798026408863,0.08312552438952493,0,Phyllis2
almond shells (hulls),20.138489400234366,6.13,6.52,50.633855331841914,41.71726856290614,6.359859379993608,1.203792478960264,0.06391818472355384,0,Phyllis2
Seed hemp,19.775051124744376,2.2,8.5,49.079754601226995,44.06952965235174,6.237218813905931,0.5112474437627812,0.06134969325153374,Sweden,Phyllis2
miscanthus,19.85312018093965,2.73,8.4,49.655597820499636,43.39467461704534,6.065590624036188,0.5859977382543435,0.11308728282101367,0,Phyllis2
courgette plant,18.290391459074733,29.75,93.04,48.22775800711744,39.629893238434164,5.266903914590747,6.690391459074733,0.18505338078291816,0,Phyllis2
oat straw,20.127523910733267,5.9,8.2,50.58448459086079,46.22741764080765,6.163655685441021,0.5313496280552604,0.08501594048884166,0,Phyllis2
Wood,20.481444332998997,0.3,7.8,51.15346038114343,42.37713139418255,6.318956870611835,0.15045135406218654,0.0,Finland,Phyllis2
sorghum stalks,19.183258161512025,6.88,5.97,49.47422680412371,43.626857817869414,6.189989261168384,0.42256378865979377,0.2855161082474227,0,Phyllis2
Palm Leaves,19.831049457177325,8.81,33.03,52.61541835727602,40.146945937054504,5.7681763351244655,1.283035420550499,0.18642394999451697,Spain,Phyllis2
"Used wood, chemically treated (class C)",20.44489383215369,1.1,20.7,50.75834175935289,42.578361981799794,6.167846309403438,0.45500505561172905,0.04044489383215369,Finland,Phyllis2
switchgrass,19.843699879160717,8.97,9.84,51.27979786883445,41.063385697022966,6.393496649456224,0.8458749862682632,0.20872239920905197,0,Phyllis2
"railroad ties, sleepers",21.392532795156406,0.9,9.6,53.98587285570131,40.13925327951564,5.549949545913219,0.30272452068617556,0.011099899091826437,0,Phyllis2
Spruce bark powder,22.24554039874082,4.7,6.5,56.33788037775446,37.14585519412382,6.002098635886673,0.40923399790136417,0.06295907660020987,0,Phyllis2
"wood, briquettes, Ecoblok, Almelo, the Netherlands",20.36312568963788,0.31,3.7,51.660146454007425,42.21085364630354,5.97853345370649,0.13040425318487311,0.0016049754238138228,0,Phyllis2
"wood, mixed hardwood chips",19.80475517415447,0.95,5.31,50.20696617869762,43.28117112569409,6.118122160524987,0.24230186774356383,0.04038364462392731,0,Phyllis2
"wood, Jack pine waste (USA)",20.755003577634675,2.17,40.0,53.4,40.6,5.8999999999999995,0.1,0.0,0,Phyllis2
"wood, oak, swamp",19.791100372495723,0.67,10.0,50.1459780529548,43.62226920366455,6.0908084163898115,0.1107419712070875,0.010067451927917045,0,Phyllis2
"wood, demolition wood",20.020429009193055,2.1,8.6,45.45454545454545,45.658835546476,5.720122574055158,1.1235955056179776,0.09193054136874361,0,Phyllis2
miscanthus grass,19.776185226019848,9.3,11.1,43.880926130099226,48.732083792723266,5.589856670341787,1.1797133406835723,0.05512679162072767,0,Phyllis2
miscanthus,20.369155912841126,5.46,42.0,50.76158239898456,42.10916014385445,5.733023059022636,1.1635286651152952,0.11635286651152951,0,Phyllis2
"wood, pine",20.402979833450388,0.33,12.41,52.543393197551914,41.10564864051369,6.059997993378148,0.020066218521119696,0.2508277315139962,0,Phyllis2
"wood, mixed hardwood chips",19.866569563033654,0.45,4.59,51.531893520843795,42.07935710698141,6.147664490205926,0.11049723756906077,0.10045203415369161,0,Phyllis2
"wood, park waste wood bio-dry",19.875168278056538,18.29,14.8,51.535919716069024,41.30461387835026,5.703096316240362,1.162648390649859,0.2496634438869171,0,Phyllis2
"timothy grass, Canada",16.89599352488871,1.16,5.0,42.400000000000006,50.419991906110894,6.0,1.03,0.15000000000000002,0,Phyllis2
"miscanthus, sorghastrum avenaceum, Oregon",19.515586854460093,4.15,11.33,49.347939488784554,43.96452790818988,6.270213875847678,0.3338549817423057,0.041731872717788214,0,Phyllis2
Waste wood (BM3),18.73570199412896,1.21,2.05,47.17076627188987,42.85858892600466,6.215203968012957,0.617471403988258,0.04929648749873469,0,Phyllis2
pine chips,20.391935807422268,0.3,9.3,49.849548645937816,43.831494483450356,6.218655967903711,0.0,0.02407221664994985,0,Phyllis2
"wood, forest residue",21.0001249609497,3.97,48.91,52.38987816307404,41.601582838696245,4.779756326148078,1.072581484952619,0.1145475372279496,0,Phyllis2
"Wheat Straw, prewashed - 180 min (3 cm)",19.59083119108826,6.64,2.42,48.543273350471296,44.84790059982862,6.3089117395029986,0.2999143101970866,0.0,0,Phyllis2
miscanthus,19.779441936807547,2.52,28.0,50.18465326220763,43.01395157981124,5.70373409930242,0.687320475995076,0.04103405826836274,0,Phyllis2
miscanthus giganteus,19.878172588832484,1.5,14.2,49.13705583756345,43.92893401015229,6.395939086294416,0.3045685279187817,0.10152284263959392,0,Phyllis2
"wood, mixed hardwood chips",19.62301579317976,0.59,4.42,50.799718338195355,43.033900010059355,5.965194648425712,0.181068302987627,0.010059350165979279,0,Phyllis2
"beech from Rettenmayer, milled/sieved <250 um",20.22426507728053,0.6,9.6,48.99484796444085,43.43873118496818,6.1622386099606015,0.2424487321951712,0.017880593999393877,0,Phyllis2
wood,24.826717076244485,20.65,38.2,51.16572148708255,42.054190296156264,5.885318210459987,0.6805293005671078,0.07422810333963453,0,Phyllis2
Millet husk,20.983534577387484,8.9,9.0,51.591657519209654,40.614709110867175,6.366630076838638,1.3172338090010975,0.12074643249176728,0,Phyllis2
Willow,19.985832827362884,1.18,2.39,50.29346286176888,43.09856304391824,6.172839506172839,0.4047763610605141,0.030358227079538554,Finland,Phyllis2
"bark, pine",21.316646316646317,1.72,4.74,53.41880341880342,40.34391534391534,5.7997557997558,0.407000407000407,0.030525030525030524,Finland,Phyllis2
"bark, hardwood",19.82430762440693,9.37,16.92,52.15712236566259,41.57563720622311,5.737614476442679,0.44135495972635996,0.055169369965794995,0,Phyllis2
"wheat straw, leached fraction > 1mm",21.010665838252045,3.43,17.95,50.4297400849125,44.734389561975775,4.576990783887336,0.3003003003003003,0.0,0,Phyllis2
Lawn cuttings,20.55177035630515,10.47,9.53,53.64682229420306,36.92616999888306,6.791019769909528,2.434938009605719,0.20104992739863733,0,Phyllis2
"wood, small fraction, saw dust (smaller than 2*2 mm)  (diameter * length)",19.290123456790123,2.8,10.5,48.909465020576135,44.4753086419753,5.967078189300412,0.6275720164609053,0.0,0,Phyllis2
miscanthus,19.677651165178112,2.59,24.0,50.056462375526124,43.76347397597783,5.677035211990556,0.3695719125346474,0.030797659377887282,0,Phyllis2
"wood, mixed hardwood chips",19.51254775789262,0.54,30.0,50.10054293183189,43.806555399155435,5.791272873516991,0.22119445003016286,0.05027146591594611,0,Phyllis2
Forest waste,22.080329557157572,2.9,56.8,54.68589083419156,37.71369721936147,6.385169927909372,1.1431513903192587,0.07209062821833162,South Africa,Phyllis2
"reed canary grass, stems",18.206314677930308,5.3,7.2,48.57444561774023,45.19535374868004,5.807814149947202,0.2111932418162619,0.052798310454065474,0,Phyllis2
bean plant,20.113488592032155,15.41,85.52,50.66792765102258,39.22449462111361,5.6862513299444375,4.279465657879182,0.14186074004019386,0,Phyllis2
Olive waste,21.434684174779264,0.0,12.17,52.546977586597244,38.9178175232058,6.361784016300657,1.992302467738284,0.18111840615802582,Spain,Phyllis2
"wood, chipped, >20 mm",20.288362512873327,2.9,12.4,52.11122554067971,40.14418125643666,6.076210092687951,1.544799176107106,0.05149330587023687,0,Phyllis2
olive husk,20.84811600338696,5.52,9.48,52.25444538526672,37.96570702794242,8.29805249788315,1.3547840812870449,0.11642675698560542,0,Phyllis2
"Bark, Spruce",20.305140282613145,2.34,5.25,51.09563792750358,42.4226909686668,6.04136801146836,0.4095842719639566,0.03071882039729674,Finland,Phyllis2
miscanthus,20.4821735395189,6.88,42.0,51.6430412371134,40.6786941580756,5.519759450171821,1.8256013745704467,0.19329896907216493,0,Phyllis2
miscanthus,22.197644517588973,2.78,17.75,46.72906809298498,40.0637728862374,5.616128368648426,0.33943632997325657,0.0,0,Phyllis2
"wood, sawdust",19.617818880129374,1.06,34.93,49.797877501516076,43.75564988882151,5.995626642409541,0.4038505154639176,0.015532706690923792,0,Phyllis2
"hemp, crushed, baled",20.14025860179706,8.74,3.3,49.09051062897217,44.8060486522025,6.443129520052597,1.5121630506245891,0.1829936445321061,0,Phyllis2
"wood, chipped, 10-20 mm",19.979402677651905,2.9,15.1,50.29866117404738,42.29660144181256,5.8702368692070035,1.4418125643666322,0.082389289392379,0,Phyllis2
Seed hemp,19.76545842217484,6.2,17.6,49.46695095948827,43.1769722814499,6.183368869936034,1.0660980810234542,0.09594882729211088,Sweden,Phyllis2
"bark, hardwood",19.840312705007655,8.54,20.4,51.45418762300459,41.71222392302646,6.275967636125082,0.4264159195276624,0.12027115678985349,0,Phyllis2
"hemp, fresh",18.879273955255382,5.24,9.2,48.23765301815112,45.3883495145631,6.110173068805403,0.7186576614605319,0.1266357112705783,0,Phyllis2
"wood, briquettes, Ecoblok, Almelo, the Netherlands",20.50020088388911,0.44,3.93,52.00883889112093,41.91442346323824,5.92607472880675,0.13660104459622338,0.002008838891120932,0,Phyllis2
wheat straw,19.14384193194292,8.9,15.0,48.9,44.49999999999999,5.7,0.7000000000000001,0.12,0,Phyllis2
miscanthus,19.799471995030544,3.41,9.1,50.31576767781344,42.51992959933741,6.211823170100424,0.5383580080753702,0.20706077233668083,0,Phyllis2
wood chips,19.755102040816325,6.9,5.1,48.1203007518797,44.46831364124597,5.800214822771214,0.2363050483351235,0.0,0,Phyllis2
"wood, spruce, sitca",18.223677478768035,2.27,56.0,50.50000000000001,43.2,6.2,0.1,0.0,0,Phyllis2
waste wheat straw (China),19.948243992606283,18.85,10.06,47.54158964879852,44.70733210104744,6.247689463955638,1.3185459026494148,0.3573629081947011,0,Phyllis2
pine sawdust,21.287730061349695,0.57,35.0,53.414462435884545,39.79684199939656,6.537262395655235,0.18103188172583728,0.030171980287639545,0,Phyllis2
"wood, demolition wood, chipped",20.046572846005873,1.23,21.4,50.42016806722689,43.37956869494786,5.912726536397692,0.1923661030677331,0.057709830920319935,0,Phyllis2
"algae, Monodus Lipids extract, fraction-2",30.393084996912947,2.82,76.81,69.4587363655073,17.338958633463676,10.444535912739248,2.2123893805309733,0.2881251286272896,0,Phyllis2
"Wheat Straw, prewashed - 180 min (1 cm)",19.65811965811966,6.4,2.88,48.910256410256416,44.572649572649574,6.228632478632479,0.2884615384615385,0.0,0,Phyllis2
Spruce wood,20.297741273100616,2.6,11.2,50.10266940451745,43.94250513347023,5.95482546201232,0.0,0.0,Finland,Phyllis2
brassica,20.043336944745395,7.7,7.4,50.162513542795224,41.495124593716135,6.608884073672805,0.7583965330444203,0.5308775731310942,0,Phyllis2
wood trimmings incl. bark,20.793043097790417,8.58,53.0,53.817545394880774,38.72238022314592,7.000656311529206,0.3390942900896959,0.09844672938087945,0,Phyllis2
reed canary grass,18.315346534653465,9.1,7.5,48.40484048404841,44.77447744774478,5.83058305830583,0.44004400440044006,0.07700770077007701,0,Phyllis2
"wood, Gliricidia sepium",22.333333333333332,1.0,31.0,47.474747474747474,44.44444444444444,7.070707070707071,0.8080808080808082,0.020202020202020204,0,Phyllis2
"wood, demolition wood",19.962946518668012,0.9,15.0,48.4,45.199999999999996,6.199999999999999,0.15,0.03,0,Phyllis2
rice straw,18.4662010950339,20.15407,11.73,49.14869173669841,42.12542830924507,6.228716980314464,1.5891029135736787,0.12769580115104176,0,Phyllis2
Arundo donax (giant reed),18.983402489626556,3.6,36.1,45.746887966804984,49.170124481327804,5.394190871369295,0.3112033195020747,0.1037344398340249,0,Phyllis2
Spruce bark,21.1875,4.0,7.4,53.770833333333336,39.510416666666664,6.270833333333333,0.39583333333333337,0.020833333333333336,0,Phyllis2
wheat straw (Danish),19.92133620689655,7.2,11.1,49.35344827586207,43.13577586206897,6.422413793103448,0.48491379310344834,0.1724137931034483,0,Phyllis2
"Wheat Straw, prewashed - 10 min (1 cm)",19.267241379310345,7.2,3.04,48.049568965517246,45.30172413793104,6.239224137931035,0.4202586206896552,0.0,0,Phyllis2
Stump chips,20.542762989046185,2.591,8.15,47.19276452894496,46.496216982003716,6.247369339588744,0.05132995924401236,0.012319190218562967,Finland,Phyllis2
straw flax (shive),20.562175374274368,1.81,6.6,51.22721254710255,41.837254302882165,6.212445259191363,0.6110601894286587,0.07129035543334353,0,Phyllis2
sunflower seed husk,20.870000571254373,4.24581,10.5,51.09999886166861,41.50000120099183,6.300000031330221,0.8999999895565928,0.20000002088681443,0,Phyllis2
"wood, pine shavings",19.474474474474473,0.1,45.0,49.14914914914915,44.04404404404404,6.406406406406407,0.2002002002002002,0.2002002002002002,0,Phyllis2
"wheat straw, fraction > 1mm",20.703454085930918,5.04,7.5,50.33698399326032,42.07034540859309,6.342670598146587,0.6634372367312553,0.2632687447346251,0,Phyllis2
"wood, demolition wood, chipped",20.41388230222031,7.22,42.9,50.894589351153265,42.7902565208019,5.669325285621901,0.4526837680534598,0.12394912696701876,0,Phyllis2
"algae, Monodus",25.97222222222222,6.4,81.65,55.28846153846154,25.90811965811966,8.034188034188034,8.365384615384617,0.5341880341880342,0,Phyllis2
reed canary grass,17.547445255474454,4.1,65.2,47.75808133472367,44.73409801876955,6.360792492179353,1.0427528675703859,0.1042752867570386,0,Phyllis2
wood,21.105527638190953,20.4,33.9,50.48994974874371,43.2035175879397,5.552763819095477,0.5653266331658291,0.10427135678391959,0,Phyllis2
"wood, birch + maple",19.786749045609806,0.46,10.0,50.64295760498292,42.776773156519994,6.158328310227045,0.39180229053646776,0.0,0,Phyllis2
urban waste wood,20.806652205350687,3.19,14.64,53.257008573494474,37.75547980580519,6.534601797334986,1.5005381675446752,0.22992118582791035,0,Phyllis2
"hemp, dried in field",19.578992589410376,6.89,9.8,49.21061110514445,45.215336698528624,6.358071098700462,0.7335409730426378,0.11813983460423155,0,Phyllis2
rice shell,19.824252692726613,17.37,4.04,50.08086651337286,42.967905119206094,6.230156117632821,0.61797095485901,0.10089322280043568,0,Phyllis2
rice straw,18.482252141982865,18.3,9.0,48.47001223990208,44.55324357405141,5.630354957160343,0.8567931456548348,0.1346389228886169,0,Phyllis2
wood waste,20.40054707250163,6.916908,10.22,52.650474911168615,40.09812007534086,6.21036202793951,0.8256551039365989,0.0837621186885369,0,Phyllis2
palm kernel (hexane extracted),20.774869109947645,4.5,6.5,48.58638743455497,39.89528795811518,6.4188481675392675,2.9109947643979055,0.24083769633507857,0,Phyllis2
"wood, willow variety",19.573761875884376,1.06,11.06,49.474428946836476,43.996361431170406,6.114817060844957,0.3638568829593693,0.04042854255104104,0,Phyllis2
sugarcane trash,20.04494382022472,11.0,6.0,49.66292134831461,43.48314606741573,6.067415730337079,0.6741573033707865,0.06741573033707865,0,Phyllis2
"wood, mixed hardwood chips",19.75211038961039,1.44,48.3,50.030438311688314,43.60795454545454,6.11810064935065,0.18262987012987011,0.020292207792207792,0,Phyllis2
"sweep waste containing wood, paint, sand",20.915354330708666,79.68,2.5,54.77362204724412,35.211614173228355,5.561023622047245,0.39370078740157494,1.7667322834645673,0,Phyllis2
Fibre hemp,19.876288659793815,3.0,9.8,50.41237113402062,42.2680412371134,6.391752577319588,0.8247422680412372,0.007216494845360825,Sweden,Phyllis2
miscanthus,19.762026350730263,2.09,42.0,49.74977019711981,43.87702992544173,5.535696047390461,0.4596057603921969,0.040853845368195287,0,Phyllis2
"bark, hardwood",20.24856981981982,11.2,25.11,52.13963963963963,41.20495495495496,6.081081081081082,0.5292792792792792,0.02252252252252252,0,Phyllis2
"wood, oak, birch, maple",19.608350264120276,1.56,12.2,49.7765136123527,43.833807395367735,6.0341324664770415,0.2945956928078017,0.04063388866314506,0,Phyllis2
Wood,20.352467270896273,0.7,6.6,50.65458207452165,42.92044310171199,6.143001007049345,0.28197381671701915,0.0,Finland,Phyllis2
bark,20.039165872763842,5.53,50.0,53.816026251720125,40.45728802794538,5.356197734730602,0.3704879856038954,0.0,0,Phyllis2
"wood, pine",20.35100171146683,0.67,6.19,51.11245343803484,42.232960837612005,6.342494714587738,0.15101177891875567,0.010067451927917045,0,Phyllis2
"wood, cedar chips",20.957876124078002,1.03,12.4,53.3,40.4,6.2,0.1,0.009999999999999998,0,Phyllis2
"corn stover, densified (no binder)",18.478898380721663,21.57,5.9,48.19584342725997,44.68953206681117,6.171107994389902,0.8287645033788091,0.1147520081601428,0,Phyllis2
Spruce bark pellets,21.200591841048404,5.38,7.6,54.100612978228696,39.34686112872542,5.981822024941873,0.4755865567533291,0.08454872120059184,0,Phyllis2
Spruce Pellets,20.57968107511784,0.29,9.66,50.84745762711865,43.232373884264355,5.816868919867616,0.10029084344599339,0.0030087253033798016,Austria,Phyllis2
cotton stalk,16.39891584925142,3.15,15.0,49.123871966959214,44.33782137325762,6.158705214248838,0.25509426948890035,0.12147351574599898,0,Phyllis2
"wood, pine",20.24329628517072,0.13,4.0,51.957544808250724,41.704215480124155,6.168018423951136,0.12015620306398317,0.030039050765995792,0,Phyllis2
"wood, Pyrenean oak, branches >70 mm diameter",19.575206780353316,2.07,41.27,49.59665066884509,40.906770141938125,6.953946696620035,2.440518737873992,0.0,0,Phyllis2
"bark, hardwood",19.827805751370704,10.63,20.46,51.77352579165269,41.915631643728325,5.673044645854314,0.5259035470515833,0.08951549737048227,0,Phyllis2
"wood, pine, Canada",19.91667513464079,1.59,5.8,49.0,44.44999491921553,6.4,0.14,0.01,0,Phyllis2
"wood, birch, 1-3 mm",19.3,0.4,5.3,49.196787148594375,44.678714859437754,6.124497991967871,0.10040160642570281,0.0,0,Phyllis2
"wood, cherry",19.833167764825138,1.35,26.0,50.1976685250887,43.55803345159655,5.889508362899138,0.31424227065382665,0.02027369488089204,0,Phyllis2
"wood, spruce, sitca",19.81073211314476,3.84,58.3,50.1,43.80199667221297,5.9,0.19999999999999998,0.0,0,Phyllis2
"wood, willow tops",20.267990052895627,2.338614,7.21,50.60693076790862,42.24232492461248,6.036195308553167,0.9821231699496873,0.1324211188237693,0,Phyllis2
Wood,21.112234580384225,1.1,36.8,52.173913043478265,41.19312436804853,6.370070778564206,0.24266936299292213,0.020222446916076844,Finland,Phyllis2
"wood, Pyrenean oak, branches 20 - 70 mm diameter",19.835051546391753,3.0,40.62,50.123711340206185,40.391752577319586,6.721649484536083,2.65979381443299,0.0,0,Phyllis2
"wood plywood, laminated wood",17.820773930753564,1.8,14.0,50.442851323828926,42.746171079429736,6.275754582484725,0.5920522403258656,0.035523136456211815,0,Phyllis2
"wood, beech",19.900828533899162,1.03,19.0,42.618975447105186,51.06597958977468,6.092755380418309,0.22228958270182883,0.0,0,Phyllis2
sieved 0.075- 0.09 mm,21.717088998763906,2.92,3.7943,50.633590852904824,39.40190564482901,6.065537700865265,1.4936320560362588,0.05888872064276885,0,Phyllis2
"wood, whole tree hogfuel",21.496811454698594,16.89,3.0,54.57826976296475,38.37083383467694,6.774154734688967,0.21658043556732043,0.02406449284081338,0,Phyllis2
wheat straw,19.297440309744033,7.02,7.04,48.31146483114649,44.923639492363954,5.872230587223059,0.47322004732200473,0.17208001720800173,0,Phyllis2
"wood, demolition wood",20.36189980210395,3.99,11.6,56.40202062285179,33.897771065514014,8.954572440370795,0.718722320591605,0.023564659931257163,0,Phyllis2
Spruce Bark,19.946035699460356,3.64,1.72,50.46699875466999,43.586550435865504,5.873806558738066,0.2594437525944375,0.08302200083022,0,Phyllis2
rice straw,18.549120865609247,18.67,7.93,47.01832042296815,44.58379441780401,6.39370466002705,1.069715971966064,0.22132054592401326,0,Phyllis2
miscanthus,20.099914965986397,5.92,42.0,50.69090136054422,42.46386054421769,5.718537414965986,0.9247448979591837,0.10629251700680273,0,Phyllis2
Reed canary grass,19.51745379876797,2.6,13.6,49.281314168377826,43.91170431211499,6.365503080082136,0.40041067761806987,0.041067761806981525,Finland,Phyllis2
"Forest residue chips, pine spruce",20.948616600790515,1.33,6.3,51.99148677409546,41.4006283571501,6.182223573527921,0.40539170973953587,0.020269585486976792,Finland,Phyllis2
olive flesh,22.726970033296336,9.9,14.4,55.715871254162046,35.62708102108768,6.992230854605993,1.5538290788013318,0.1553829078801332,0,Phyllis2
"wood, park wood, stems and branches",20.897245587992742,39.37,35.0,53.91720270493154,39.0714167903678,5.57479795480785,1.0390895596239484,0.19792182088075208,0,Phyllis2
Wood Chips Spruce (BM2),18.142828445158695,0.44,1.43,47.428686219365204,43.46122940940137,6.137002812374448,0.08035355564483729,0.006227400562474889,0,Phyllis2
"Rice Straw, prewashed - 120 min",20.56192660550459,12.8,1.12,46.60550458715596,58.50917431192661,9.048165137614678,0.5045871559633027,0.0,0,Phyllis2
Wood chips from urban pruning,19.93802378196359,4.97,11.08,49.984215510891296,43.74408081658424,6.0401978322634955,0.2315058402609702,0.0,Spain,Phyllis2
pine sawdust,20.481927710843372,0.4,9.7,50.50200803212851,43.172690763052216,6.325301204819277,0.0,0.0,Finland,Phyllis2
"wheat straw, pellets",19.90312163616792,7.1,11.1,49.300322927879435,43.19698600645856,6.415500538213132,0.4843918191603875,0.17222820236813777,0,Phyllis2
"wood, hybrid poplar",19.549876670092498,2.7,6.89,51.57245632065776,41.551901336073996,6.228160328879753,0.6166495375128469,0.020554984583761562,0,Phyllis2
wheat straw,19.927736450584483,5.9,9.7,47.60892667375133,45.270988310308184,6.057385759829969,0.8501594048884167,0.09989373007438895,0,Phyllis2
"wood pellets from Labee, The Netherlands",19.357586690719582,0.22,7.0,47.40428943676087,46.121467227901384,6.7749047905391855,0.15033072760072158,0.008017638805371818,0,Phyllis2
"wood, category B (painted)",20.08238928939238,2.9,4.65,50.12358393408857,41.400617919670445,5.8084449021627185,2.420185375901133,0.08547888774459321,0,Phyllis2
waste wood,20.20156201187129,3.97,8.4,49.83859210663334,39.00864313235447,8.945121316255337,1.1663021972300323,0.010413412475268145,0,Phyllis2
Miscanthus pellets,19.469034213945434,2.31403212172448,9.5207066319143,48.33546808623038,44.23068324784098,6.148792840023721,0.36667208816960417,0.05463203667790807,0,Phyllis2
"wood, willow",18.85580733665278,1.59,43.5,51.00000000000001,42.90214409104766,6.000000000000001,0.1,0.0,0,Phyllis2
"wood, mixed hardwood chips",19.48865120016069,0.43,28.3,50.205885306819326,43.70794415988752,5.794918148036556,0.22095008536707844,0.04017274279401426,0,Phyllis2
"Forest residue chips, pine spruce",21.40698280354351,4.05,6.32,53.15268368942157,39.82282438770193,6.044815007816571,0.9379885356956749,0.041688379364252216,Sweden,Phyllis2
"miscanthus, high K",18.3756345177665,1.5,9.8,48.83248730964467,42.53807106598985,5.888324873096447,0.3045685279187817,0.10152284263959392,0,Phyllis2
wood waste,19.73216078900653,7.253087,9.28,50.64179332847445,42.67886522541187,6.0137861407850846,0.5942477028858093,0.03565485786033655,0,Phyllis2
miscanthus,19.78948449373588,2.62,35.0,50.12322858903266,43.5715752721298,5.473403162867118,0.4518381597864038,0.041076196344218524,0,Phyllis2
Leucaea wood chips,19.97230769230769,2.5,24.0,49.12820512820513,44.41025641025641,5.98974358974359,0.4205128205128205,0.08205128205128205,0,Phyllis2
wood chips,17.97393274265002,0.68,40.79,48.76940193314539,44.63726339105921,6.5467982279500605,0.13603735400724928,0.10202799033427305,0,Phyllis2
"Wheat Straw, prewashed - 10 min (3 cm)",19.381931732529342,7.13,2.48,48.31484871325509,45.05222353827932,6.234521373963605,0.39840637450199207,0.0,0,Phyllis2
cacao shells,20.05294052863436,9.2,6.7,50.2,39.7,6.199999999999999,3.6999999999999997,0.19,0,Phyllis2
"hemp, silage",21.26035761011775,8.28,1.5,50.33798517226341,43.76362843436546,6.432621020497166,1.2429132141299606,0.17444395987788922,0,Phyllis2
"wood, mixed hardwood chips",19.73060253164557,1.25,25.2,50.11645569620253,43.72658227848101,5.89367088607595,0.19240506329113924,0.05063291139240506,0,Phyllis2
barley,19.523504273504276,6.4,7.3,49.24672008547009,42.80982905982906,6.338800213675214,0.8298067307692308,0.3572778846153846,0,Phyllis2
"wood, pine",21.630000000000003,3.0,50.0,55.0,39.0,5.800000000000001,0.1,0.1,0,Phyllis2
Reed canarygrass,19.807291666666668,4.0,9.4,49.583333333333336,43.645833333333336,5.9375,0.7291666666666666,0.08333333333333334,Sweden,Phyllis2
pine sawdust,20.45045045045045,0.1,9.5,50.550550550550554,43.04304304304304,6.406406406406407,0.0,0.0,Finland,Phyllis2
forest residue,18.319838056680165,1.2,29.6,48.78542510121458,45.1417004048583,6.0728744939271255,0.7085020242914979,0.0,0,Phyllis2
"wood, pine",20.570570449506146,0.78,5.53,51.30014110058456,42.07821003829873,6.299133239266277,0.15117919774239064,0.14110058455956462,0,Phyllis2
"wood, mixed hardwood chips",19.826257718392547,1.21,5.5,50.83510476768904,43.020548638526165,5.972264399230692,0.06073489219556635,0.09110233829334953,0,Phyllis2
"wood, Leucaena leucocephala",22.24803070086851,0.98,26.9,42.41567360129267,52.514643506362354,6.05938194304181,0.6059381943041809,0.040395879620278734,0,Phyllis2
"wood, willow variety",19.97053807106599,1.5,11.49,50.50761421319797,42.63959390862944,6.091370558375635,0.6598984771573604,0.09137055837563451,0,Phyllis2
wheat straw,19.01,7.0,12.9,49.73890322580645,42.553978494623664,6.333098924731184,1.0616890322580645,0.1728331182795699,0,Phyllis2
Straw,20.010775862068968,7.2,10.0,49.56896551724138,42.19827586206896,6.357758620689656,1.6810344827586208,0.1939655172413793,Finland,Phyllis2
"bark, pine",21.713069105691055,1.6,5.0,54.77642276422764,38.88211382113821,5.894308943089431,0.40650406504065045,0.03048780487804878,0,Phyllis2
"wood, birch + maple",19.74119831393015,0.36,10.0,50.03010839020474,43.60698514652751,6.142111601766359,0.10036130068245686,0.09032517061421116,0,Phyllis2
wheat straw (Danish),19.814576634512324,6.7,11.1,49.08896034297963,43.440514469453376,6.387995712754555,0.48231511254019294,0.1714898177920686,0,Phyllis2
"wood, willow",20.59244126659857,2.1,11.1,50.35750766087845,41.64453524004086,6.741573033707865,1.1235955056179776,0.10214504596527069,0,Phyllis2
"wood, birch",18.24579158316633,0.2,5.1,47.69539078156313,45.59118236472946,6.012024048096192,0.10020040080160321,0.03006012024048096,0,Phyllis2
"wood, pine",20.286305764411026,0.25,6.28,52.67167919799498,40.6516290726817,6.0551378446115285,0.040100250626566414,0.5714285714285714,0,Phyllis2
reed canary grass,20.104984093319196,5.7,9.5,49.310710498409335,44.11452810180276,6.0445387062566285,0.4241781548250266,0.05090137857900318,0,Phyllis2
switchgrass,19.84049659415513,8.98,15.0,51.28801362337948,41.064018896945726,6.398076246978686,0.8401513952977367,0.20680652603823335,0,Phyllis2
wheat straw waste (pellets),19.194506310319227,19.18,7.48,47.364513734224204,44.438257856966096,5.9205642167780255,1.4724078198465724,0.0,0,Phyllis2
rice husk,16.876574307304786,20.6,11.2,39.599999999999994,53.699999999999996,6.0,0.7,0.0,0,Phyllis2
wheat straw,20.67635365979915,3.41,10.5,47.592918521586085,45.708665493322286,5.984056320530076,0.5694171239258723,0.12423646340200849,0,Phyllis2
Undaria pinnatifida (Wakame),17.669172932330827,38.6,2.8,46.61654135338346,54.13533834586466,6.7669172932330826,4.887218045112782,2.1619029585156766,0,Phyllis2
"wood, mixed hardwood chips",20.024997462701716,1.47,8.15,51.31432051151934,42.43377651476708,5.886532020704354,0.32477418045265405,0.030447579417436314,0,Phyllis2
"Spruce Bark, prewashed  - 180 min",19.327210814157468,3.09,3.0,49.26220204313281,44.70126921886286,5.7991951295016,0.2992467237643174,0.0,0,Phyllis2
"wood, pine",20.497081320450885,0.64,6.23,51.731078904991946,41.626409017713364,6.330515297906602,0.12077294685990338,0.1610305958132045,0,Phyllis2
cacao,22.13254850664923,8.26,9.33,52.5833878351864,34.28166557662961,10.00654022236756,3.0412034009156312,0.06540222367560497,0,Phyllis2
corn stover,20.50296815974096,7.35,5.0,50.188882892606586,42.81705342687534,6.270912034538585,0.6044252563410686,0.11872638963842418,0,Phyllis2
"wood, oak, red",19.67085561497326,2.76,14.42,50.74043603455368,42.924722336487044,6.0983134512546275,0.07198683669271905,0.13368983957219252,0,Phyllis2
Saccharina latissima,16.872427983539097,19.5,6.0,44.718792866941016,52.674897119341566,6.584362139917696,4.938271604938272,1.2767071464419932,0,Phyllis2
Energy willow,20.112016293279023,1.8,50.1,50.71283095723014,42.301425661914465,6.211812627291242,0.7230142566191445,0.05091649694501019,Finland,Phyllis2
Arundo donax (giant reed),19.51941596769183,3.43,42.01,48.73149011080046,44.26840633737186,6.047426737081909,0.6213109661385523,0.12426219322771047,0,Phyllis2
"wood, pine",20.991552969502408,0.32,7.8,52.718699839486355,40.449438202247194,6.440609951845906,0.1404494382022472,0.2407704654895666,0,Phyllis2
cacao shells,18.913043478260867,8.0,8.0,51.086956521739125,39.30434782608695,5.978260869565217,3.3152173913043477,0.22826086956521738,0,Phyllis2
Bamboo (mature Guadua Angustifolia),19.936373276776248,4.7,9.0,48.86532343584305,45.281018027571584,5.302226935312832,0.3181336161187699,0.09204665959703076,Colombia,Phyllis2
barley,19.83617764984065,2.73,12.1,48.537822555772586,43.86758507247867,6.315765395291457,0.8187102909427367,0.15204616017271513,0,Phyllis2
shuttering wood,20.542806707855252,9.36,33.0,50.14342453662842,41.75860547219771,6.0789938217122685,1.974845542806708,0.03309796999117388,0,Phyllis2
melon plant,17.853742396191482,24.38,91.85,46.94525257868289,40.941549854535836,5.778894472361809,6.109494842634224,0.22480825178524202,0,Phyllis2
peanut shells,19.435296679368538,8.15,7.99,51.82745781164943,40.34968971148612,5.821714752313555,1.7985781164942842,0.20115677735438214,0,Phyllis2
"wood, beech",19.431589537223342,0.6,15.2,49.67806841046278,43.812877263581484,6.207243460764587,0.28169014084507044,0.01006036217303823,0,Phyllis2
sunflower seed shells,20.874127966976264,3.1,11.6,52.41678018575851,40.57791537667699,6.191950464396285,0.6070539731682146,0.12841527347781218,0,Phyllis2
pine sawdust,20.381143430290873,0.3,10.9,50.45135406218656,43.32998996990973,6.218655967903711,0.0,0.0,Finland,Phyllis2
Chinese straw pellets,20.074349442379184,19.3,7.9,45.105328376703845,45.22924411400248,5.947955390334573,1.1152416356877324,0.3593556381660471,0,Phyllis2
"wheat straw, pellets",20.009829157175396,12.2,8.2,52.277904328018224,40.04555808656036,6.378132118451025,0.683371298405467,0.1480637813211845,0,Phyllis2
wheat straw,20.40598290598291,6.4,10.0,50.42735042735043,42.26495726495727,6.196581196581197,0.7478632478632479,0.18162393162393164,0,Phyllis2
miscanthus,19.799134734239804,2.92,42.0,50.27812113720643,43.376596621343225,5.552121961269056,0.5253399258343634,0.04120313143798929,0,Phyllis2
"wood, willow variety",19.978046795523905,1.7,12.68,49.69481180061038,43.36724313326552,6.144455747711088,0.7222787385554424,0.06103763987792472,0,Phyllis2
"wood, robinia",20.19064124783362,1.91,34.2,49.85217657253543,43.79651340605567,5.55612192884086,0.7666428789886839,0.0,0,Phyllis2
Verge grass  (bermgras),19.744483159117305,12.2,7.5,48.199767711962835,43.43786295005807,6.504065040650406,1.7421602787456447,0.29036004645760743,0,Phyllis2
"wood, birch + maple",19.630994974874373,0.5,3.65,50.62311557788944,43.246231155778894,5.909547738693467,0.19095477386934673,0.0,0,Phyllis2
"miscanthus sinensis gracillimus, Oregon",19.61599751655629,3.36,12.51,49.317052980132445,44.13286423841059,5.949917218543046,0.4656456953642384,0.05173841059602649,0,Phyllis2
"wood, category B (painted), fine fraction",20.72192513368984,25.2,22.5,52.19251336898395,40.68181818181818,5.695187165775401,1.1096256684491979,0.20053475935828877,0,Phyllis2
"wood, oak, red",20.02545677248137,2.03,10.79,50.52567112381341,43.196897009288556,5.981422884556497,0.2551801571909768,0.010207206287639074,0,Phyllis2
"rice straw, soaked",19.119420989143546,17.1,88.0,48.32328106151991,44.68033775633293,6.272617611580218,0.5790108564535585,0.07237635705669482,0,Phyllis2
reed canary grass,17.6,8.8,7.0,48.68421052631579,46.05263157894737,6.030701754385965,0.9868421052631579,0.09868421052631578,0,Phyllis2
"wood, excess fraction from composting plant",21.28725269221137,20.14,50.3,50.338091660405716,43.31329827197597,5.133984472827447,0.8640120210368144,0.14738292011019283,0,Phyllis2
grass pellets,19.741828517290386,15.56,6.86,49.33680720037896,41.556134533396495,5.731880625296068,2.4514448128848882,0.13027001421127427,0,Phyllis2
"olive residue, leached",21.307779030439683,2.43,7.83,55.3961258583581,36.36363636363636,5.9444501383622015,1.9473198729117556,0.3074715588808035,0,Phyllis2
Urban leaf litter,22.710664535282028,12.42,9.07,58.015528659511304,33.51221740123316,6.633934688284996,1.701301667047271,0.148435715916876,0,Phyllis2
"wood, pine",19.20532663316583,0.5,6.2,49.14572864321608,44.02010050251256,6.030150753768845,0.20100502512562815,0.06030150753768844,0,Phyllis2
"wood, salix",19.775739041794086,1.9,11.4,49.54128440366973,44.13863404689093,6.320081549439348,0.509683995922528,0.0,0,Phyllis2
Spruce bark pellets,22.1395941782641,5.87,6.4,56.29448634866674,37.34197386593009,5.874853925422288,0.5205566769361522,0.053118028258791035,0,Phyllis2
"miscanthus, silage, dried",20.045723786760885,3.77,2.6,49.94284526654889,43.79091759326613,6.110360594409228,0.38969136443936403,0.06858568014132807,0,Phyllis2
cucumber plant,17.4847307051638,27.96,89.36,46.93225985563576,43.198223209328155,5.372015546918379,4.164353137146031,0.33314825097168244,0,Phyllis2
"Used wood, chemically treated (class C)",20.322580645161292,0.8,20.0,50.50403225806452,43.04435483870967,6.25,0.20161290322580647,0.0,Finland,Phyllis2
sieved 0.250-0.355 mm,21.153768233387357,1.28,3.103,51.45483184764992,39.934471231766615,6.094710291734198,0.19862692463533224,0.026135119529983795,0,Phyllis2
"miscanthus, silage",19.933932073913493,3.13,2.5,49.29286672860535,43.92484773407659,6.028698255393826,0.3943429338288428,0.07432641684732115,0,Phyllis2
reed canary grass,18.386457883369335,7.4,7.2,48.59611231101512,44.816414686825055,5.831533477321815,0.32397408207343414,0.07559395248380131,0,Phyllis2
wheat stalk,18.994241801060724,7.61,6.21,49.39263989609265,43.691719883104234,5.885572031605153,0.7847429375473537,0.24234711548868929,0,Phyllis2
Coconut shell,20.735146022155085,0.7,14.3,52.26586102719033,41.71198388721047,5.840886203423968,0.16112789526686808,0.02014098690835851,Philippines,Phyllis2
"wood, excess fraction wood from organic domestic waste composting plant",20.173134328358213,33.0,9.9,50.746268656716424,50.44776119402985,6.268656716417912,1.5223880597014927,0.21940298507462688,0,Phyllis2
"algae, Synechococcus",23.728219404062273,3.01,4.99,52.99515413960202,24.260233013712757,7.557480152593051,10.825858335910919,0.7938962779668007,0,Phyllis2
"Wood chips, whole tree, pine",21.016096579476862,0.6,3.87,52.112676056338024,41.438631790744466,6.1368209255533195,0.30181086519114686,0.01006036217303823,Finland,Phyllis2
mint straw,19.784812822237168,10.78,16.82,50.68370320555929,39.598744676081594,6.1869535978480155,2.768437570051558,0.28020623178659493,0,Phyllis2
Kenaf,19.279858877243953,3.63,7.52,48.35529729168829,44.44329148075127,6.018470478364636,1.0376673238559717,0.14527342533983606,Italy,Phyllis2
cacao,20.53631284916201,10.5,13.4,52.9608938547486,37.564245810055866,5.854748603351956,3.3854748603351954,0.21508379888268156,0,Phyllis2
Summer switchgrass,19.07150561696978,2.686498,13.27,48.82701683061411,44.798583037326104,5.959715641514988,0.3672985687022136,0.04739336171459537,0,Phyllis2
"wood, birch",20.39756592292089,1.4,35.6,50.9,40.496957403651116,7.6,0.5,0.5,0,Phyllis2
orujillo,20.384204909284954,6.3,7.6,53.36179295624333,38.74066168623265,6.937033084311633,0.8537886872998933,0.10672358591248667,0,Phyllis2
Flax stalk,20.644895436283093,2.93,8.35,50.5820541876996,41.6709591016792,6.284124858349644,1.33923972391058,0.12362212836097661,Finland,Phyllis2
miscanthus,19.623152196543828,3.94,49.0,49.04226525088486,44.00374765771393,5.975432021653134,0.5205080158234436,0.06246096189881324,0,Phyllis2
"wood, eucalyptus",21.613423359871007,0.77,10.6,52.8,40.199999999999996,6.7,0.30000000000000004,0.0,0,Phyllis2
wheat straw (Danish),19.900000000000002,7.1,11.1,49.300322927879435,43.19698600645856,6.415500538213132,0.48,0.17222820236813777,0,Phyllis2
sunflower seed husk,20.57710304668816,3.83,11.85,50.16876364770719,42.66645523552044,6.0749859623583236,0.8375224082354165,0.2477178953935739,0,Phyllis2
sieved 0.075-0.09 mm,21.43729141229141,1.72,3.3252,51.214580789580786,39.57395197395197,6.1465923890923895,0.2525997150997151,0.0315749592999593,0,Phyllis2
"wood, pine",20.75129262649633,0.59,11.96,51.80565335479328,41.85695604063977,6.156322301579318,0.12071220199175133,0.040237400663917115,0,Phyllis2
miscanthus,20.069679054054056,5.28,38.0,50.464527027027025,43.22212837837837,5.701013513513514,0.390625,0.052787162162162164,0,Phyllis2
olive residue,22.19570405727924,16.2,13.9,47.300000000000004,44.35,6.0,1.9000000000000001,0.09000000000000001,0,Phyllis2
"wood, mixed hardwood chips",19.671445819498942,0.61,4.7,50.42760841130898,43.11298923432941,6.268236241070531,0.13079786698863066,0.030184123151222455,0,Phyllis2
Stump Chips,20.756495160468667,1.85,8.13,47.89098318899644,45.71217524197657,6.334691798267957,0.05094243504839532,0.011207335710646967,Finland,Phyllis2
"wood, park wood",20.307692307692307,35.0,47.1,54.12307692307692,38.586615384615385,5.8,1.323076923076923,0.12415384615384614,0,Phyllis2
"wood, chipboard",19.34826883910387,1.8,8.0,48.702739307535644,40.954572301425664,6.198530549898167,3.98476883910387,0.07748161914460286,0,Phyllis2
"wood, mixed hardwood chips",19.579434550759636,0.61,3.7,49.934601066505685,43.34440084515545,6.459402354361606,0.1609819901398531,0.04024549753496327,0,Phyllis2
"wheat straw, Canada",20.584060028391807,1.38,6.0,41.6,52.1,6.1,0.14,0.060000000000000005,0,Phyllis2
under water wood,18.4017893452623,1.64,34.0,51.449837332248876,41.74523180154534,6.315698454656364,0.3080828588857259,0.1386372509150061,0,Phyllis2
"wood, demolition wood",20.285868392664508,7.3,15.3,49.65480043149946,40.28047464940669,6.148867313915858,2.0819848975188777,0.19104638619201725,0,Phyllis2
Cynara cardunculus -L.,20.25586353944563,5.1,11.0,44.776119402985074,45.84221748400853,5.863539445628998,0.5863539445628999,0.15991471215351813,0,Phyllis2
"wood, willow chips",19.920723650777518,1.61,3.45,49.49690009147271,44.10509198089237,5.935562557170444,0.4167090151438154,0.03557272080495986,0,Phyllis2
Reed Canary Grass,20.153592978606692,8.85,8.85,49.36917169500823,42.68787712561711,6.253428414701043,1.5359297860669225,0.15359297860669227,Finland,Phyllis2
"wood, eucalyptus",19.31969827776954,0.5294507,9.34,49.77822114027474,44.21157851191237,5.77733413602452,0.14415613566939456,0.0332668013124162,0,Phyllis2
"wood, pine",20.604109451739,0.23,10.0,51.6989074872206,42.41756038889446,5.793324646687381,0.060138318131702916,0.010023053021950485,0,Phyllis2
"wood, cca treated wood",20.80808080808081,1.0,13.0,51.41414141414141,42.02020202020202,6.161616161616161,0.18181818181818182,0.0,0,Phyllis2
Cashew nut shell,25.60325534079349,1.7,7.1,59.61342828077314,33.67243133265514,6.317395727365208,0.3967446592065107,0.03763987792472024,0,Phyllis2
"Spruce Bark, prewashed  - 10 min",19.55399545736114,3.14,2.16,49.6386537270287,44.290728887053476,5.843485442907289,0.23745612223828205,0.0,0,Phyllis2
water hyacinth,19.302206914147213,21.61,9.73,47.72292384232682,41.0511544839903,6.289067483097333,2.4748054598800864,0.5038908023982651,0,Phyllis2
"wood, oak, swamp",19.880911019088984,0.99,5.5,50.18684981315018,43.26835673164327,6.3932936067063935,0.1312998687001313,0.0,0,Phyllis2
"wood, alder + fir sawdust",21.253530822989465,4.13,52.63,53.21789923855221,40.17940961718995,6.049859184312089,0.47981641806613123,0.05215395848544905,0,Phyllis2
walnut hulls and blows,22.866944873776404,2.95,47.85,55.13652756311179,36.43482740855229,6.718186501803194,1.5765069551777433,0.11334363730036064,0,Phyllis2
"wood, robinia",20.192248062015505,3.25,38.0,51.03875968992248,42.12919896640827,5.777777777777778,1.0129198966408268,0.0,0,Phyllis2
Stump (chipped and dried),20.420944558521562,2.6,7.5,51.12936344969199,42.60780287474333,6.057494866529774,0.20533880903490762,0.0,Finland,Phyllis2
"miscanthus, fresh",20.018905577145258,4.79,4.4,49.32255015229493,44.23905051990337,5.976262997584288,0.5629660749921227,0.08717571683646677,0,Phyllis2
"Used wood, chemically untreated (class A)",20.433467741935484,0.8,30.9,50.50403225806452,43.074596774193544,6.25,0.1713709677419355,0.0,Finland,Phyllis2
lucerne,20.74098360655738,8.5,7.9,51.03825136612022,38.90710382513661,6.448087431693989,3.3879781420765025,0.17486338797814208,0,Phyllis2
"wheat straw waste excl. dust, fine fibres etc.",19.8547513540128,18.76,9.4,47.16888232397834,42.66371245691777,6.0315115706548506,1.2186115214180206,0.36509108813392416,0,Phyllis2
"hemp, fresh",19.010335108048857,4.21,7.1,48.83599540661865,45.30744336569579,6.261613947176115,0.45725023488881933,0.07098862094164318,0,Phyllis2
"wood, sawdust",18.425964271213967,1.48,8.0,51.58960617133577,42.4433820544052,5.814312829882257,0.12136134794965489,0.0330985586682907,0,Phyllis2
bark,23.2085670419652,2.3,10.9,56.3971340839304,36.65301944728762,6.448311156601842,0.45035823950870013,0.0511770726714432,0,Phyllis2
"hemp, silage, dried",21.465461588121368,7.06,2.8,50.118355928556056,42.64041316978696,6.348181622552184,1.2212179901011406,0.14417904024101572,0,Phyllis2
"wood, mixed hardwood chips",19.880116782442364,0.67,4.0,51.162790697674424,42.34370280881909,6.121010772173563,0.14094432699083864,0.2013490385583409,0,Phyllis2
Olive branches,19.353181957655725,0.0,13.83,48.76751559783165,44.55354403191163,5.983430500153421,0.5932290068528178,0.0,Spain,Phyllis2
alfalfa stems,19.668696459478262,5.227273,7.6,49.3662169286318,40.58467157962016,6.280689802246589,3.037570080683655,0.20554985191045522,0,Phyllis2
"algae, Synechococcus residu after PE extraction",23.982457972225124,4.23,9.75,52.63652500783126,24.240367547248617,7.131669625143573,13.104312415161324,0.7560822804636107,0,Phyllis2
water hyacinth,19.019003595274782,22.12,8.9,46.70005136106831,41.87211093990755,6.1248073959938365,2.336928608115049,0.5238828967642527,0,Phyllis2
miscanthus,19.753620056191917,7.46,34.0,50.46466392911174,43.1056840285282,5.608385562999784,0.4754700669980549,0.06483682731791657,0,Phyllis2
"wood, mixed hardwood chips",19.693430214956102,0.91,36.0,49.994954082147544,43.738015945100415,5.933999394489858,0.26238772832778284,0.0403673428196589,0,Phyllis2
"wood, briquettes, Ecoblok, Almelo, the Netherlands",20.51744885679904,0.28,3.8,52.24628961091055,41.65663858804653,5.946650621740874,0.13437625350982751,0.0015042117930204573,0,Phyllis2
Wheat straw,19.87317404597441,11.69,7.32,51.01347525761522,42.1356584758238,5.922319103159325,0.7360434831842374,0.19250368021741593,0,Phyllis2
pine sawdust,20.32962962962963,0.1,6.0,51.051051051051054,42.832832832832835,6.006006006006006,0.1001001001001001,0.0,0,Phyllis2
Milled white pellets,21.741772151898733,1.25,5.92,51.6253164556962,42.20759493670886,5.944303797468354,0.14177215189873418,0.07088607594936709,0,Phyllis2
"wood, mixed hardwood chips",19.048265429608712,0.84,28.9,50.14118596208148,43.576038725292456,6.040742234772085,0.17144009681323114,0.050423557886244454,0,Phyllis2
miscanthus,20.144942758113643,4.79,45.0,50.30984140321395,43.115218989601935,5.818716521373806,0.5356580191156392,0.07352168889822498,0,Phyllis2
Coconut trunk,20.055367231638417,11.5,49.0,47.90960451977401,46.101694915254235,5.796610169491525,0.03389830508474576,0.04519774011299435,0,Phyllis2
Wood,20.14814814814815,5.5,27.4,50.899470899470906,42.32804232804233,6.137566137566138,0.5079365079365079,0.06349206349206349,Germany,Phyllis2
soft wood,20.51869968409253,1.87,30.5,52.1,39.10119229593396,8.1,0.3,0.4,0,Phyllis2
"wood, Pyrenean oak, pellets from  branches 20 - 70 mm",19.744829714991255,2.81,5.58,50.29324004527215,42.01049490688342,6.31752237884556,1.2758514250437287,0.0,0,Phyllis2
wheat straw,19.295004180602007,4.32,9.89,49.080267558528426,44.17851170568562,5.9469063545150505,0.44941471571906355,0.19857859531772576,0,Phyllis2
"microalgae, Spirulina",21.471300108342362,7.7,6.7,47.61026002166847,37.41061755146262,7.431845070422535,7.083476706392199,0.4644903575297941,0,Phyllis2
Eucalyptus bark,19.40126050420168,4.8,12.0,49.78991596638655,46.32352941176471,5.777310924369748,0.31512605042016806,0.05252100840336135,0,Phyllis2
Beech chips,19.81799797775531,1.1,12.3,49.74721941354904,43.882709807886755,6.370070778564206,0.0,0.0,0,Phyllis2
sieved 0.250-0.35 mm,21.29471532249821,2.17,4.0543,50.488112031074316,39.84501686599202,6.136559337626496,0.8895879587038741,0.047941868547480324,0,Phyllis2
Barley straw,19.847003824904377,5.88,11.53,49.086272843178925,44.135146621334464,6.056098597535062,0.6374840628984275,0.08499787505312367,Finland,Phyllis2
pine sawdust,21.048413904935643,1.33,13.67,53.81574946792338,39.83987027465289,6.121414817066991,0.17229147663930275,0.020269585486976792,0,Phyllis2
"wood waste, dust",19.97981836528759,0.9,9.6,49.6468213925328,41.691220988900106,5.751765893037336,2.5227043390514634,0.003027245206861756,0,Phyllis2
"wood, Gmelina arborea",20.864471823873966,0.98,25.6,46.45526156332054,46.45526156332054,6.05938194304181,0.7069278933548778,0.19188042819632398,0,Phyllis2
"wood pellets from Labee, The Netherlands",20.647141706924316,0.64,11.0,48.38969404186795,43.75,6.159420289855072,0.10064412238325282,0.014090177133655395,0,Phyllis2
"wood, stems",20.44760935910478,1.7,39.8,51.037639877924725,43.072227873855546,5.473041709053916,0.3560528992878942,0.0306205493387589,0,Phyllis2
"wood, teak",20.633299284984677,2.1,5.9,52.706843718079675,43.10520939734423,6.128702757916241,0.2655771195097038,0.0,0,Phyllis2
"wood, pine",20.59101676201947,0.37,7.07,52.6146742948911,41.12215196226036,6.042356719863495,0.10037137408411122,0.09033423667570009,0,Phyllis2
"wood, gum chips",19.977025931928686,1.28,7.17,51.539708265802275,42.10899513776337,6.138573743922204,0.1519448946515397,0.04051863857374392,0,Phyllis2
walnut blows,22.86931585415813,2.36,23.49,54.94674313805817,36.900860303154445,6.65710774272839,1.3723883654240066,0.10241704219582139,0,Phyllis2
miscanthus,19.73573696609649,2.37,42.0,50.312403974188264,43.33708900952576,5.613028782136639,0.41995288333504044,0.030728259756222474,0,Phyllis2
"wood, eucalyptus",18.69668256061682,1.43,4.5,48.01648574617023,46.07244597747793,5.842712792939028,0.0637386831693213,0.0,0,Phyllis2
stump chips,20.71611253196931,2.25,8.4,47.468030690537084,46.112531969309465,6.342710997442455,0.06138107416879795,0.015345268542199487,Finland,Phyllis2
"miscanthus, silage",20.29687335509001,5.01,2.8,49.62627645015265,43.951994946836514,6.0848510369512585,0.4716285924834193,0.0831666491209601,0,Phyllis2
"wood, poplar",19.737023060175236,1.218487,4.8,50.031902224457724,43.59897787757108,6.0718841186407015,0.2339429646112021,0.05316886571680675,0,Phyllis2
"wood, oak, green whole tree, chipped",19.942410530645823,2.76,42.0,50.4,39.695598519127934,8.9,0.5,0.5,0,Phyllis2
olive residue,22.513661202185794,8.5,11.7,52.7,38.160000000000004,7.1,1.5999999999999999,0.06999999999999999,0,Phyllis2
White pellets,19.987812309567335,1.54,5.9,49.96953077391834,43.71318301848466,6.134470851107048,0.11172049563274426,0.060938452163315046,0,Phyllis2
wood,20.421052631578945,5.0,41.1,49.89473684210527,43.87368421052632,5.4526315789473685,0.6421052631578947,0.056842105263157895,0,Phyllis2
Miscanthus,19.887410440122824,2.3,8.6,49.744114636642784,43.72569089048106,6.141248720573183,0.3070624360286592,0.08188331627430911,Germany,Phyllis2
"wood, eucalyptus",21.951016239403533,2.09,9.8,53.699999999999996,39.400000000000006,6.6000000000000005,0.3,0.0,0,Phyllis2
"wood, eucalyptus",19.96905241935484,0.8,4.0,51.612903225806456,42.02620967741935,6.048387096774194,0.20161290322580647,0.020161290322580645,0,Phyllis2
aubergine plant,19.026243093922652,13.12,83.64,48.44613259668509,43.68093922651934,5.248618784530386,2.509208103130755,0.1151012891344383,0,Phyllis2
Rape stalk,19.89911467984352,2.86,8.35,49.51616224006588,44.11159151739757,6.073708050236772,0.08235536339304098,0.21618282890673254,Finland,Phyllis2
Miscanthus,19.681456200227533,3.31,5.74,48.712379770400254,43.06546695625194,6.205398696866274,0.6205398696866273,0.5688282138794085,Italy,Phyllis2
wheat straw,20.445405405405403,7.5,6.5,47.24324324324324,45.513513513513516,5.491891891891892,0.8540540540540541,0.46486486486486484,0,Phyllis2
miscanthus,19.91634823918207,3.17,38.0,50.40793142621089,43.36465971289889,5.607766188164824,0.48538676030155936,0.05163688939378292,0,Phyllis2
Miscanthus pellets,19.468594378901273,2.31403212172448,9.5207066319143,48.33546808623038,44.23068324784098,6.148792840023721,0.36667208816960417,0.05463203667790807,0,Phyllis2
"wood, pine",20.783040642247865,0.35,10.81,53.14601103863522,40.26091319618665,6.201705970898143,0.13045659809332663,0.24084295032614148,0,Phyllis2
Shea husks,20.71664943123061,3.3,3.6,52.43019648397105,42.39917269906929,4.725956566701138,0.3516028955532575,0.05480868665977249,0,Phyllis2
Rapeseed cake,25.57716701902749,5.4,8.8,56.553911205074,29.915433403805498,7.716701902748414,5.17970401691332,0.5708245243128964,Sweden,Phyllis2
grass pellets,21.141084741904276,12.145,11.36,50.24187581810939,40.56684309373399,6.368448010927096,2.8399066643901887,0.2549655682658927,Netherlands,Phyllis2
rice straw,17.673130560230824,16.82,7.01,47.78337340706901,44.93911998076461,5.92120822313056,1.1247709786006252,0.23271122866073576,0,Phyllis2
"wood, waste wood",22.66099210822999,2.43,9.635,57.74129343035769,34.47918417546377,5.727628369375833,1.7466434354822178,0.1020765399200574,0,Phyllis2
Reed Canary Grass,19.72107438016529,3.2,11.7,49.6900826446281,43.37809917355372,6.198347107438017,0.7334710743801652,0.0,Finland,Phyllis2
"wood, briquettes, Ecoblok, Almelo, the Netherlands",20.4983922829582,0.48,3.09,51.54742765273312,42.393488745980704,5.918408360128617,0.13967041800643087,0.002009646302250804,0,Phyllis2
rice hulls,17.369998695028055,23.37,8.0,49.400000000000006,43.7,6.2,0.30000000000000004,0.4,0,Phyllis2
"wood, larch",17.704934541792547,0.7,44.6,50.9,42.69889224572004,6.4,0.0,0.0,0,Phyllis2
Panicum maximum,20.063758389261746,10.6,13.5,47.203579418344525,46.085011185682326,6.0290827740492166,0.5145413870246085,0.11185682326621925,0,Phyllis2
"bark, pine",21.875699888017916,10.7,16.2,53.52743561030235,39.64165733482643,6.114221724524076,0.8062709966405375,0.0,0,Phyllis2
Wood pellet,20.719424460431654,2.7,7.8,51.49023638232271,42.17882836587872,6.166495375128469,0.1644398766700925,0.0,Finland,Phyllis2
"wood, pine",19.978092369477913,0.4,4.63,51.265060240963855,42.03815261044176,6.345381526104418,0.2108433734939759,0.040160642570281124,0,Phyllis2
"wood, willow variety",19.935110387628445,1.71,9.98,50.768135110387625,42.527215383050155,6.002645233492726,0.6206124732933157,0.071217824804151,0,Phyllis2
Saccharina latissima,16.715542521994138,22.9,5.4,44.86803519061584,56.3049853372434,6.451612903225808,5.131964809384165,1.3886748727788036,0,Phyllis2
grass pellets,19.711657966691522,19.54,6.71,49.93785732040766,41.225453641561025,5.617698235147899,2.28685060899826,0.11185682326621924,0,Phyllis2
"wood, mixed",19.204389574759947,27.1,36.1,46.776406035665296,47.29766803840877,4.554183813443073,1.1248285322359397,0.11522633744855969,0,Phyllis2
"wood, poplar",19.549300911854104,1.3,15.0,49.1,44.3,6.0,0.48000000000000004,0.01,0,Phyllis2
Mango pits,19.664615384615384,2.5,86.1,49.64102564102564,44.51282051282051,5.6000000000000005,0.5641025641025642,0.07487179487179486,0,Phyllis2
reed canary grass,20.950323974082075,7.4,8.2,48.056155507559396,44.38444924406048,6.263498920086393,0.755939524838013,0.10799136069114472,0,Phyllis2
"wood, mixed hardwood chips",19.448430402745533,0.93,3.0,50.09589179368124,43.50459271222368,6.056323811446452,0.3129100635914,0.0,0,Phyllis2
Vine shoot,19.30541217534134,0.0,8.93,49.43024330150909,43.97905759162304,5.759162303664922,0.8315368032029566,0.0,Spain,Phyllis2
"barley straw, Canada",17.54189944134078,10.5,6.9,41.4,51.760000000000005,6.2,0.6299999999999999,0.01,0,Phyllis2
"wood, beech chips, Rettenmayer",19.271422797089734,1.04,10.2,49.31285367825384,44.96766370250606,6.063055780113177,0.14147130153597415,0.017178658043654003,0,Phyllis2
miscanthus,19.685826122785333,2.92,42.0,49.587968685620105,43.80922950144211,5.6345282241450345,0.5459414915533581,0.030902348578491966,0,Phyllis2
"wood, briquettes, Ecoblok, Almelo, the Netherlands",20.27914449241892,0.41,5.26,51.691936941459986,42.17290892659906,5.954413093684105,0.15061753188071092,0.03012350637614218,0,Phyllis2
"wood, willow",19.351570415400204,1.3,11.3,45.2887537993921,46.75785207700101,5.775075987841945,0.2026342451874367,0.030395136778115502,0,Phyllis2
Wood,20.356052899287896,1.7,29.2,50.76297049847406,42.93997965412004,6.1037639877924725,0.19328585961342828,0.0,Finland,Phyllis2
"Wheat Straw, prewashed - 10 min (0.05-0.08 mm)",18.954526136846578,5.88,2.86,47.88567785805355,45.792605184870375,6.03484912877178,0.2974925626859329,0.0,0,Phyllis2
"wood, chipped, not sieved",20.239390642002178,8.1,12.6,51.686615886833515,40.63112078346028,5.984766050054406,1.5233949945593035,0.08705114254624592,0,Phyllis2
wood pellet,20.522088353413658,0.4,8.1,51.204819277108435,42.761044176706825,6.024096385542169,0.0,0.010040160642570281,Finland,Phyllis2
sieved 0.125-0.18 mm,20.224233842419338,1.13,0.5686,47.981935875391926,39.87475472843127,5.991384646505512,0.20649428542530596,0.02675270557297461,0,Phyllis2
miscanthus,19.979857868020307,1.5,15.0,49.7,43.400000000000006,6.140000000000001,0.7000000000000001,0.03,0,Phyllis2
"wood, oak, swamp",19.94102228047182,0.81,15.0,50.34781732029438,43.11926605504588,6.351446718419195,0.16130658332493195,0.0,0,Phyllis2
banagrass,19.10828025477707,2.66,49.3,50.12327922745017,43.764125744812,5.72221080747894,0.3184713375796178,0.051366344770906104,0,Phyllis2
"wood, pine",20.7286044408721,0.47,9.78,51.81352356073546,41.7562543956596,6.148899829197227,0.18084999497638904,0.0803777755450618,0,Phyllis2
Miscanthus pellets,19.468594378901273,2.31403212172448,9.5207066319143,48.33546808623038,44.23068324784098,6.148792840023721,0.36667208816960417,0.05463203667790807,0,Phyllis2
"olive residue, cakes from olive oil production",22.243186582809223,4.6,5.5,53.144654088050316,38.80503144654089,6.174004192872117,1.4255765199161428,0.31446540880503143,0,Phyllis2
"wood, Pyrenean oak, pellets from branches < 20 mm",20.10757136946628,3.32,8.37,51.87215556474969,40.194455937112124,6.30947455523376,1.5204799338022341,0.0,0,Phyllis2
"wood, whole tree hogfuel",20.12373019928462,2.15,33.85,51.84466019417475,41.900868676545734,5.835462442514052,0.3372508942258559,0.0510986203372509,0,Phyllis2
Bamboo (Bambusa vulgaris),19.57862281603289,2.7,0.1,49.33196300102775,43.710174717368965,6.269270298047276,0.6166495375128469,0.051387461459403906,0,Phyllis2
wheat straw,19.727548793859473,5.81653,9.74,49.62945196221799,43.14785811140745,6.081637255454699,0.7528525971701828,0.11763316853796106,0,Phyllis2
miscanthus,17.0,2.8,7.3,49.2798353909465,45.06172839506173,6.481481481481482,0.7201646090534979,0.11316872427983539,0,Phyllis2
"wood, park waste wood",20.171540766766558,3.23,5.15,51.24522062622714,42.502841789810894,5.8799214632634085,0.2583445282628914,0.04852123592022321,0,Phyllis2
miscanthus,19.762324857291127,3.65,25.0,50.08822003113648,43.79865075246497,5.687597301504931,0.2594706798131811,0.02075765438505449,0,Phyllis2
"wood, pine",20.604109451739,0.23,8.01,51.6989074872206,42.41756038889446,5.793324646687381,0.060138318131702916,0.010023053021950485,0,Phyllis2
"wood, birch + maple",19.89729811169144,0.44,8.12,51.35596625150663,42.697870630775405,5.755323423061471,0.14061872237846526,0.03013258336681398,0,Phyllis2
"wood, waste wood",19.3311189516129,0.8,33.1,49.800000000000004,43.8,6.1,0.23,0.01,0,Phyllis2
wheat straw,19.390005491488193,8.95,15.1,48.23971444261395,44.358802855573856,6.067156507413509,0.8020548050521691,0.24579099395936302,0,Phyllis2
alfalfa stems,19.704485758857285,5.26954,9.29,49.796348502899704,40.31188067702827,6.330734591598098,2.8278834495261607,0.20947285593250575,0,Phyllis2
"miscanthus, fresh",19.92654774396642,4.7,6.9,49.265477439664224,44.08184679958027,6.010493179433368,0.5897166841552991,0.10073452256033578,0,Phyllis2
wheat straw,18.707710970464134,5.2,8.3,49.7,42.4,6.1000000000000005,0.5,0.2,0,Phyllis2
"Used wood, chemically treated (class C)",20.538071065989847,1.5,16.7,50.86294416243655,42.51776649746193,6.2944162436548226,0.3045685279187817,0.020304568527918784,Finland,Phyllis2
Spruce bark,21.373649210307565,3.76,8.7,54.738154613466335,37.666251039068996,6.992934330839568,0.42601828761429755,0.17664172901080633,0,Phyllis2
"wood, pine",20.65791591229129,0.58,10.85,51.08630054315027,41.460470730235365,6.940253470126736,0.4023335345001006,0.08046670690002013,0,Phyllis2
"reed canary grass, leaves",18.24730512249443,10.2,10.9,48.99777282850779,44.43207126948775,5.902004454342984,0.5567928730512249,0.10022271714922049,0,Phyllis2
Peanut shells,21.282157676348547,3.6,2.8,51.45228215767635,41.80497925311203,5.643153526970955,0.8091286307053942,0.06016597510373445,0,Phyllis2
"algae, Monodus residu after extr.III",24.28808404755322,27.66,75.93,56.953276195742326,23.126900746474977,7.741222007188276,9.34476085153442,0.6358860934476085,0,Phyllis2
miscanthus,20.269869827494972,5.51,42.0,51.9737538363848,40.882633082865915,5.513810985289449,1.3863900941898615,0.1269975658799873,0,Phyllis2
"wood pellets from Labee, The Netherlands",19.783762138352188,0.11,7.0,49.314245670237256,46.15076584242667,6.226849534487936,0.14015416958654522,0.005706276904595055,0,Phyllis2
Profactus (NL) fuel pellets,20.548633440514468,0.48,8.65,52.90393890675241,40.76567524115756,6.008842443729904,0.2110128617363344,0.09043408360128617,0,Phyllis2
Flax shive,20.562175374274368,1.81,6.6,51.22721254710255,41.888175985334556,6.212445259191363,0.6110601894286587,0.07129035543334353,Finland,Phyllis2
"wood + bark, pine chips",20.31237951807229,0.4,6.0,50.70281124497992,42.93172690763052,6.124497991967871,0.20080321285140562,0.030120481927710843,0,Phyllis2
tomato plant,18.23963587157092,18.71,89.54,46.9553450608931,44.5811292901956,5.019067535982286,2.8293763070488374,0.6150818058801821,0,Phyllis2
grass pellets,21.12627986348123,12.1,11.4,50.170648464163826,40.50056882821388,6.370875995449373,2.844141069397042,0.5233219567690558,0,Phyllis2
"hemp, fan dried after crushing",19.39887818816806,5.51,7.0,48.343740078315165,45.59212615091544,6.296962641549371,0.770451899671923,0.1090062440469891,0,Phyllis2
Sweet Sorghum,19.850934285114423,4.74,7.04,49.65357967667436,43.743439009027924,6.08859962208692,0.41990342221289106,0.09447826999790047,Italy,Phyllis2
banagrass,18.94649177597335,3.94,65.6,49.94794919841765,42.99396210701644,5.72558817405788,0.6246096189881324,0.10410160316468874,0,Phyllis2
hazelnut shell,19.826803394625173,1.02,12.1,46.82764194786826,46.585168720953725,5.799151343705799,0.22226712467165083,0.5657708628005658,0,Phyllis2
"wood, briquettes, Ecoblok, Almelo, the Netherlands",20.644511581067473,0.7,4.3,50.151057401812686,44.570996978851966,4.934541792547836,0.3021148036253776,0.012084592145015106,0,Phyllis2
"Used wood, chemically treated (class C)",20.40650406504065,1.6,24.9,50.203252032520325,43.008130081300806,6.199186991869919,0.5589430894308943,0.03048780487804878,Finland,Phyllis2
"wood, demolition wood, dust",21.291191963738818,18.37,11.5,52.848217567070925,39.62391277716525,5.9291926987627095,0.7962758789660664,0.6296704642900894,0,Phyllis2
"Spruce Bark, 0.1 M acetic acid prewashed  - 180 min",19.928716904276985,1.8,2.07,50.31568228105906,43.574338085539715,5.865580448065173,0.24439918533604887,0.0,0,Phyllis2
miscanthus,20.020997375328083,4.75,40.0,50.30971128608924,43.044619422572175,5.774278215223097,0.5669291338582677,0.11548556430446194,0,Phyllis2
"wood, christmas trees",22.106688469247814,5.21,37.81,54.42557231775504,38.71716425783311,5.886696908956641,0.5485810739529486,0.4219854415022682,0,Phyllis2
"wood, excess fraction wood from organic domestic waste composting plant",19.440559440559436,42.8,12.8,50.71999999999999,41.67832167832167,5.699999999999999,1.5559440559440558,0.2622377622377622,0,Phyllis2
Coffee husk,25.40415704387991,0.41,57.9,59.945777688522945,30.32432975198313,7.832111657796967,2.199015965458379,0.10041168792047395,0,Phyllis2
"wood, willow variety",20.4607995951417,1.2,9.71,50.90080971659919,42.42914979757085,6.082995951417004,0.5060728744939271,0.0708502024291498,0,Phyllis2
"wood, white fir",19.768844221105528,0.5,9.53,50.97487437185929,42.7035175879397,6.020100502512563,0.3015075376884422,0.0,0,Phyllis2
"wood, park wood, branches",19.78405496782637,8.31,39.0,52.50299923655796,40.30123241356745,6.282037299596466,0.6980041443996073,0.10786345293925183,0,Phyllis2
"wood, robinia",18.98042414355628,1.92,38.3,49.357667210440454,43.54608482871126,6.290783034257749,0.7748776508972267,0.0,0,Phyllis2
miscanthus,19.73270278605942,2.73,30.0,49.79952708954456,43.908707720777215,5.602960830677496,0.4626297933586923,0.041122648298550425,0,Phyllis2
"wood, mixed hardwood chips",19.503417248003235,1.09,5.31,50.31847133757962,43.231220301284,6.136892124153271,0.2628652310180973,0.05055100596501871,0,Phyllis2
almond shells,20.189783969311527,0.94,13.7,50.171613163739146,43.19604280234201,6.359781950333131,0.26246719160104987,0.010094891984655765,0,Phyllis2
Orange tree pruning,18.91229240744614,4.38,31.09,48.57770340932859,44.71867810081572,5.532315415185107,1.0771805061702573,0.09412256850031374,Spain,Phyllis2
"wood, category B (painted)",20.27417279411765,2.08,10.1,50.95996732026144,42.91258169934641,5.545343137254902,0.4595588235294118,0.043058619281045755,0,Phyllis2
palm fruit shells,21.90153846153846,2.5,8.4,55.35,38.1,6.27,0.37000000000000005,0.0,0,Phyllis2
wheat straw,19.26186584463038,8.236979,9.19,49.05796420978773,43.285726175035144,6.168247228913704,0.9960398971607528,0.2040081047462463,0,Phyllis2
"wood, mixed hardwood chips",19.81037394451146,0.52,5.0,51.10574989947728,42.09891435464415,6.10172899075191,0.22114997989545637,0.44229995979091274,0,Phyllis2
miscanthus,19.6141282155982,2.04,42.0,49.76521028991425,43.75255206206615,5.69620253164557,0.42874642711310734,0.02041649652919559,0,Phyllis2
almond shells,19.644513249777674,3.038524,7.85,51.70677269805587,41.35422814726954,6.133184276196455,0.7610520491664132,0.03357582964186725,0,Phyllis2
"wood, eucalyptus",19.96987951807229,0.4,7.6,50.30120481927711,43.57429718875501,6.024096385542169,0.10040160642570281,0.0,Finland,Phyllis2
rice hulls,19.86755706044645,20.26,10.94,48.695761223977925,44.48206671682969,5.956859794331578,0.6521193880110359,0.06270378730875345,0,Phyllis2
Groundnut Shell,21.23076923076923,2.5,5.4,49.64102564102564,42.05128205128205,6.9743589743589745,0.9435897435897437,0.0,0,Phyllis2
watermelon plant,17.95391589020398,20.58,90.84,47.393603626290606,42.06748929740619,5.8171745152354575,4.5328632586250315,0.18886930244270964,0,Phyllis2
"wood, willow, cilinders 10*40 mm (diameter * length)",18.314606741573034,2.1,10.6,49.03983656792646,44.38202247191012,5.975485188968335,0.5822267620020428,0.0,0,Phyllis2
Wheat straw,19.844890510948904,12.32,3.4,49.11040145985402,43.7728102189781,6.284215328467153,0.7641423357664234,0.12545620437956204,0,Phyllis2
"wood, oak, red",19.778437910477923,1.03,14.76,50.550671920784076,42.77053652622006,6.436293826412044,0.2121855107608366,0.03031221582297666,0,Phyllis2
"wood, gum chips",19.947074468085106,2.24,4.18,51.125204582651385,42.461129296235676,6.0863338788870704,0.1841243862520458,0.1227495908346972,0,Phyllis2
Sawdust (BM4),20.50673963717442,1.33,4.82,49.46792338096686,44.05594405594405,6.212627951758386,0.10134792743488397,0.015708928752407012,0,Phyllis2
alfalfa (lucern),20.529801324503314,9.4,10.0,49.668874172185426,40.728476821192054,6.622516556291391,2.759381898454746,2.2075055187637966,0,Phyllis2
"wood, pine",20.804168340699075,0.44,5.0,52.671755725190835,40.518280433909204,6.388107673764564,0.14061872237846526,0.27119325030132585,0,Phyllis2
"wood, eucalyptus",21.51293537346487,0.66,10.5,52.800000000000004,40.400000000000006,6.4,0.4,0.0,0,Phyllis2
hazelnut shell,20.183115183246073,0.68,12.8,47.422472815142974,46.03302456705598,5.577929923479662,0.10068465565847766,0.8658880386629078,0,Phyllis2
"wood, lodgepole pine",19.795404469625435,4.69,51.0,53.6,40.10072395341517,6.200000000000001,0.1,0.0,0,Phyllis2
rape,19.383629745189808,3.85,9.0,43.224586583463335,50.5876235049402,5.268782111284452,0.8686061362454498,0.0,0,Phyllis2
"wood, demolition wood, Fibra Flame pellets, Labee (NL)",20.085558189877332,2.99,4.68,51.18029069168127,42.48015668487785,5.927223997526029,0.2989382537882692,0.05463354293371817,0,Phyllis2
"wood, cilinders 10*10 mm (diameter * length)",19.48184414524684,1.96,15.0,49.36760505915952,44.11464708282333,6.068951448388413,0.42839657282741733,0.0,0,Phyllis2
"wood, mixed hardwood chips",19.30368644926068,1.26,5.74,51.012760785902366,42.687867125784884,6.076564715414219,0.19242454932145026,0.020255215718047396,0,Phyllis2
"bark, spruce (BM1)",19.93842621582133,4.18,1.59,51.10624086829471,42.91379670214986,6.126069714047172,0.5426841995408057,0.04080567731162597,0,Phyllis2
microalgae,24.08699220352893,2.52,5.22,54.09314731226918,29.59581452605663,7.406647517439475,8.217070168239639,0.4975379565038982,0,Phyllis2
straw pellets,19.299741044454038,6.71,7.8,48.12257229175658,48.17652136383254,6.570996978851964,0.45317220543806647,0.07207596029348295,0,Phyllis2
Eucalyptus,19.778225806451616,0.8,9.8,49.19354838709677,44.56653225806452,6.048387096774194,0.1713709677419355,0.020161290322580645,Portugal,Phyllis2
"wood, mixed hardwood chips",20.0759361009361,1.72,10.75,51.15995115995116,42.61294261294262,5.921855921855922,0.21367521367521367,0.06105006105006105,0,Phyllis2
Almond tree pruning,18.533094170403587,1.88,11.4,50.11210762331839,43.22258459029759,6.0334284549531185,0.6318793314309009,0.0,Spain,Phyllis2
"wood, coarse poplar",19.239136178861788,1.6,6.74,51.646341463414636,41.70731707317073,5.985772357723577,0.5995934959349594,0.02032520325203252,0,Phyllis2
"wood, oak, red",23.058001822046766,1.21,15.69,58.45733373823261,34.53790869521206,5.648344974187671,0.4453892094341533,0.8806559368357121,0,Phyllis2
wheat straw waste,20.194300518134714,22.8,9.7,47.68134715025907,42.84974093264248,6.2305699481865275,1.3212435233160622,0.352979274611399,0,Phyllis2
palm pits,19.21514765243255,5.86,7.79,53.611642234969196,35.69152326322499,7.8181431909921395,2.868068833652008,0.021244954323348206,0,Phyllis2
grass pellets,20.430133657351156,17.7,7.44,50.42527339003645,39.97569866342649,5.686512758201701,2.660996354799514,0.29015795868772787,0,Phyllis2
pine sawdust briquettes,17.33210859359053,2.02,9.8,47.4,47.2,5.21,0.03,0.09999999999999999,0,Phyllis2
"hemp, fresh",19.39099175301332,5.42,7.6,48.28716430534997,45.72848382321844,6.142947769084373,0.5698879255656587,0.1036159864664834,0,Phyllis2
wheat stems,19.39489350220509,5.892136,15.82,49.318354521360725,43.36026583283199,6.021206686829062,0.7321383896249096,0.10098459996924382,0,Phyllis2
"wood, park wood, stems",19.56550019513464,23.13,39.6,52.04891375048783,40.958761545466366,6.192272668141016,0.5854039287108105,0.1430987381293092,0,Phyllis2
"wood, stems",20.123839009287927,3.1,43.5,50.051599587203306,43.90092879256966,5.6759545923632615,0.27863777089783287,0.05510835913312694,0,Phyllis2
"wood, Pyrenean oak, branches <20 mm diameter",20.01042209484106,4.05,42.21,50.818134445023446,39.53100573215216,6.618030224075039,2.928608650338718,0.0,0,Phyllis2
"olive kernels, fraction > 1mm, leached",21.539555194475476,1.53,9.33,54.940591042957244,37.67644968010562,6.072915608814868,1.1170914999492232,0.2234182999898446,0,Phyllis2
demolition wood,20.59159526723786,1.96,9.57,49.377804977560174,41.72276621787026,6.048551611587107,1.0811913504691963,0.05966952264381885,Netherlands,Phyllis2
miscanthus,20.2562473528166,5.56,45.0,51.13299449385853,42.12198221092758,5.739093604404913,0.6670902160101652,0.07412113511224058,0,Phyllis2
"wood, pine",20.318344204716507,0.35,5.92,52.664325137982935,40.7727044656297,6.011038635223281,0.050175614651279475,0.49172102358253883,0,Phyllis2
hazelnut shell,19.76884665925402,1.07,11.9,47.04336399474376,46.31557667037299,5.984029111492975,0.21227130294147378,0.4447589204488022,0,Phyllis2
wood,21.461187214611872,12.4,43.3,50.913242009132425,42.694063926940636,5.536529680365296,0.6963470319634703,0.0726027397260274,0,Phyllis2
corn stover,19.064932888933274,5.056419,6.06,49.31046365314576,43.55870040334796,6.0432784813541005,0.6951451515189847,0.11212016534324738,0,Phyllis2
Wheat Straw,19.588981198076084,8.52,4.01,48.42588543944031,44.58898119807608,6.351114997813729,0.5137735024048972,0.05465675557498907,0,Phyllis2
Milled white pellets,21.989475814612426,1.18,5.87,51.55838899008298,41.06456182958915,4.118599473790731,0.14167172637117995,0.08095527221210282,0,Phyllis2
Spruce bark,21.053719008264462,3.2,6.7,52.4793388429752,40.929752066115704,6.0847107438016526,0.42355371900826444,0.05165289256198347,0,Phyllis2
"railroad ties, sleepers",21.655030800821354,2.6,10.6,54.41478439425052,39.41478439425052,5.780287474332649,0.26591375770020537,0.10431211498973306,0,Phyllis2
"hemp, fan dried",19.978319783197833,7.75,3.2,49.07317073170732,44.205962059620596,6.406504065040651,1.3712737127371273,0.15392953929539294,0,Phyllis2
miscanthus,20.224719101123597,4.77,45.0,50.09975847947075,43.274178305155935,5.733487346424446,0.5670481990969233,0.06300535545521369,0,Phyllis2
hazelnut shell,19.022869022869024,3.8,11.8,48.1,44.1,6.2,1.5999999999999999,0.0,0,Phyllis2
"wood, oak, red, sawdust",19.538489316882337,0.31,11.45,50.11535760858662,43.896077841308056,5.938409068111144,0.030093289196509176,0.010031096398836392,0,Phyllis2
pine sawdust,20.556252509032518,0.36,8.18,51.5154556403051,42.12163789642714,6.152147731834605,0.12043356081894821,0.020072260136491372,0,Phyllis2
sieved 0.125-0.18 mm,19.86937295751634,2.08,2.7708,49.56576797385621,39.07282475490196,6.160271650326798,0.8444772263071896,0.042013786764705886,0,Phyllis2
"wood, willow",19.56079415710936,0.9468642,10.23,49.561399145528114,44.095817509696644,5.949167537611666,0.3598740182438525,0.03373819488913141,0,Phyllis2
"wood, pyrenean oak residues pellets",19.86187558417281,3.71,4.7,51.01256620625195,40.26378647834667,8.121300238861773,0.5815764876934262,0.02077058884619379,0,Phyllis2
sugarcane leaves,17.338534893801473,7.72,33.0,43.07542262678803,50.758560901603815,5.9601213697442565,0.20156046814044212,0.0,0,Phyllis2
"wood, oak, birch, maple",19.332146511152036,2.26,4.5,50.081849805606716,43.41109064865971,6.0568856148966645,0.3887865766318805,0.04092490280335584,0,Phyllis2
"bark, hardwood",20.368826163941257,3.99,12.3,52.44245391105093,41.266534735965,6.0722841370690555,0.1145713988126237,0.07290907197166963,0,Phyllis2
"wood, particle board",20.120724346076457,0.6,8.1,46.579476861167,44.84607645875251,5.935613682092556,2.61569416498994,0.002012072434607646,0,Phyllis2
"miscanthus, silberfeder, Oregon",19.31335740072202,3.05,14.54,48.77772047447137,44.82723053120165,5.93089221248066,0.3403816400206292,0.061887570912841666,0,Phyllis2
"wood, pine",20.790598290598293,6.4,10.3,55.1,37.36000000000001,7.210000000000001,0.31,0.01,0,Phyllis2
thistle,19.099890230515914,8.9,10.1,48.957189901207464,42.36004390779364,6.805708013172338,0.8342480790340285,0.1866081229418222,0,Phyllis2
pistachio shells,19.98174257024039,1.41,7.54,50.917942996247085,41.73851303377624,6.410386448929912,0.6998681407850694,0.22314636372857288,0,Phyllis2
Demolition wood,20.44147843942505,2.6,16.7,50.92402464065709,42.25872689938398,5.95482546201232,0.8213552361396305,0.041067761806981525,Finland,Phyllis2
almond hulls,20.00374634125545,6.175125,8.18,49.56471298256459,42.73941212285122,6.360998615772203,1.2304125105415809,0.04643064006213705,0,Phyllis2
hazelnut shell,20.255365239294708,0.75,13.0,47.415617128463474,45.551637279596974,5.884130982367758,0.33249370277078083,0.8161209068010076,0,Phyllis2
switchgrass,19.53346244180025,4.594948,8.16,49.12120377021544,43.506050392383834,6.1287383397684225,0.6048847392274364,0.11412917630399698,0,Phyllis2
corn stalks,18.218487846848785,7.02,8.02,48.15078511507851,44.9118950311895,5.79960959346096,0.9120352764035278,0.22216240051624006,0,Phyllis2
miscanthus,19.624176276771006,2.88,42.0,49.639621087314666,44.11037891268534,5.477759472817134,0.4839373970345964,0.04118616144975289,0,Phyllis2
Wood,20.110441767068274,0.4,6.7,50.30120481927711,43.41365461847389,6.124497991967871,0.1606425702811245,0.0,Finland,Phyllis2
lemon pellets,16.7464378575143,3.85,9.14,46.26105044201768,46.10504420176807,6.7290691627665105,0.9048361934477379,0.0,0,Phyllis2
Stump chips,20.721868365180466,5.8,8.9,51.48619957537155,42.46284501061571,5.944798301486199,0.1061571125265393,0.0,Finland,Phyllis2
wheat and barley (9 and 3 samples),19.539141414141415,4.96,9.81,46.889993686868685,45.759995791245785,6.33,0.6499999999999999,0.07,0,Phyllis2
"wood, mixed hardwood chips",19.899877438463896,2.09,20.2,50.89367786742927,42.71269533244817,5.995301807782658,0.3268307629455623,0.040853845368195287,0,Phyllis2
soft wood,18.397892779671523,3.19,37.3,54.900000000000006,38.0022724925111,6.9,0.19999999999999998,0.0,0,Phyllis2
wheat straw,18.606965174129353,9.55,13.01,47.42951907131012,43.73687119955777,5.649530127142068,0.58595909342178,0.3206191265892758,0,Phyllis2
banagrass,18.87570912841671,3.05,52.1,50.22176379577101,43.13563692625064,5.7864878803506965,0.49510056730273333,0.061887570912841666,0,Phyllis2
wheat straw,19.13123504317969,3.89,17.41,49.47456039954219,43.543855998335246,6.097180314223286,0.6138799292477369,0.09364270107168869,0,Phyllis2
"Wheat Straw, prewashed - 180 min (0.05-0.08 mm)",19.129790387465594,5.54,3.1,48.020326063942406,45.57484649587126,6.118992165996189,0.28583527419013344,0.0,0,Phyllis2
corn cob,18.186839388934764,3.12,7.04,48.01262386457473,45.547594962840634,5.862780759702725,0.4885651321222131,0.08883001651527662,0,Phyllis2
miscanthus,19.940915805022154,5.22,45.0,50.02110149820637,43.32137581768306,5.644650770204684,0.5591897024688753,0.06330449461911795,0,Phyllis2
"miscanthus, low K",19.61577350859454,1.1,25.6,49.54499494438827,44.28715874620829,6.066734074823054,0.6066734074823054,0.0,0,Phyllis2
"wood, birch + maple",19.436550266680083,0.63,12.37,51.27302002616484,42.78957431820469,5.736137667304015,0.13082419241219684,0.05031699708161417,0,Phyllis2
Spruce bark,22.025369535590734,4.61,6.8,55.00576580354335,38.52605094873677,6.122235035118985,0.36691477094035013,0.03144983750917287,0,Phyllis2
wheat straw,19.130572011909564,3.886669,17.41,49.47090013975273,43.550014929770775,6.097254084347571,0.6046862531483795,0.10078105606390855,0,Phyllis2
"Used wood, chemically untreated (class A)",20.39235412474849,0.6,26.5,50.603621730382294,42.80684104627766,6.338028169014084,0.2313883299798793,0.02012072434607646,Finland,Phyllis2
Miscanthus,19.96131921824104,1.76,5.24,52.6872964169381,41.40879478827361,5.527280130293159,0.26465798045602607,0.10179153094462541,0,Phyllis2
Rice husks,19.80859375,23.2,3.7,48.958333333333336,43.48958333333333,6.0546875,0.3385416666666667,0.044270833333333336,0,Phyllis2
"algae, Chlorella",26.67552625983415,5.63,71.87,56.37890708058686,21.86901977461195,7.633425473102275,12.013608335105253,0.7335743142674888,Netherlands,Phyllis2
"wood, stems",20.38539553752536,1.4,39.3,49.89858012170386,44.24949290060852,5.517241379310345,0.27383367139959436,0.038438133874239354,0,Phyllis2
wood pellets,20.031125628140703,0.5,8.7,50.400000000000006,43.4,6.1,0.09000000000000001,0.01,0,Phyllis2
"olive kernels, fraction > 1mm",20.36542804352289,2.58,8.76,52.66885649763909,39.9815233011702,5.974132621638268,1.0264832683227263,0.2874153151303634,0,Phyllis2
switchgrass,20.22237521399721,6.533828,13.68,50.694105670659106,42.47644805652252,6.073375937553108,0.5949429489847942,0.06197322385258273,0,Phyllis2
verge grass,20.19650655021834,8.4,60.0,48.7,42.46724890829694,6.3999999999999995,1.9,0.13999999999999999,0,Phyllis2
Fibre hemp,19.05578093306288,1.4,9.3,47.97160243407708,45.436105476673426,6.085192697768763,0.40567951318458423,0.04056795131845842,Sweden,Phyllis2
"wood, demolition wood",20.113744075829384,15.6,13.0,51.31516587677726,43.992890995260666,6.232227488151659,2.2748815165876777,0.1726303317535545,0,Phyllis2
"wood, oak, birch, maple",19.893453304374805,3.31,11.9,50.55331471713725,42.889647326507394,6.039921398283173,0.42403557761919536,0.07239631813010654,0,Phyllis2
almond shells (hulls),20.170613173405027,3.29,6.93,50.977148174956056,42.01220142694655,6.1730948195636435,0.7858546168958743,0.04136076931030917,0,Phyllis2
Shea slurry,27.17935349322211,4.1,3.7,60.68821689259646,29.50990615224192,6.94473409801877,2.408759124087591,0.22002085505735142,0,Phyllis2
"wood, pine",20.58733681462141,0.42,8.77,52.882104840329376,39.85740108455513,7.059650532235389,0.12050612572805784,0.06025306286402892,0,Phyllis2
"wood, oak, birch, maple",19.84751794871795,2.5,10.6,50.297435897435896,43.199999999999996,6.112820512820513,0.3282051282051282,0.041025641025641026,0,Phyllis2
"Groundnut Shell, prewashed - 120 min",22.03045685279188,1.5,6.2,49.340101522842644,42.63959390862944,7.918781725888325,0.7208121827411167,0.0,0,Phyllis2
Oat screenings,20.1151832460733,4.5,10.4,48.90052356020943,42.93193717277487,6.701570680628273,1.6753926701570683,0.15706806282722513,Sweden,Phyllis2
banagrass,19.216935566745452,2.69,44.7,50.19011406844107,43.489877710410035,5.7548042338916865,0.421333881409927,0.05138218065974721,0,Phyllis2
"miscanthus, silage, dried",20.321192400545815,4.73,2.6,49.62737482943214,44.001259578041356,6.077464049543403,0.45134879815261886,0.06717749553899444,0,Phyllis2
soft wood,19.416134770325417,4.43,35.0,51.2,42.39824212619023,6.3,0.1,0.0,0,Phyllis2
"wood, mixed hardwood chips",19.491866894541065,0.53,29.9,49.462149391776414,44.31486880466472,5.911330049261084,0.1709058007439429,0.12063938876043027,0,Phyllis2
Pine chips,20.402010050251256,0.5,14.9,50.552763819095475,43.21608040201005,6.231155778894473,0.0,0.0,0,Phyllis2
"wood, furniture waste",20.892737835875092,3.61,12.07,51.73773212988899,41.78856727876336,6.131341425459073,0.30086108517481064,0.03112356053532524,0,Phyllis2
miscanthus,20.02312381753206,4.86,45.0,49.81080512928316,43.69350430943872,5.686356947656086,0.5150304813958377,0.06306495690561277,0,Phyllis2
"wood, beech chips Rettenmayer",19.476402673688476,0.93,8.9,48.05549929106745,49.37208831274053,6.461413814057119,0.1721693336034029,0.02379987846870569,0,Phyllis2
pistachio shells,19.97977790545947,1.405861,7.53,50.90490216664907,41.746183310145845,6.394647860356081,0.6910168362036205,0.219370443510846,0,Phyllis2
"wood, eucalyptus",19.453608247422682,3.0,8.6,50.0,42.886597938144334,6.43,0.64,0.04,0,Phyllis2
Rice Straw,17.47044917257683,15.4,6.6,44.60992907801419,65.11820330969267,7.683215130023641,0.7919621749408984,0.0,0,Phyllis2
pepper plant,18.58290723155588,17.86,80.91,47.80861943024105,42.622352081811535,5.076698319941563,3.9931823715607497,0.48697345994643293,0,Phyllis2
"wood, pine, corsica",19.331355303592243,5.63,60.9,50.1,43.79569778531313,6.000000000000001,0.09999999999999999,0.0,0,Phyllis2
Straw (BM6),19.369282100957914,7.09,5.01,47.723603487245725,44.31169949413411,6.210311053707889,0.10763104079216446,0.14196534280486492,0,Phyllis2
"wood, beech for torrefaction",18.992056168505517,0.3,10.0,50.3,44.400000000000006,5.3,0.0,0.0,0,Phyllis2
barley,18.95236055984959,4.26,6.2,47.90426154167537,44.886578232713596,6.180116983496971,0.4454138291205348,0.21157154794234384,0,Phyllis2
"rice straw, leached",19.102564102564102,22.0,9.0,48.717948717948715,44.35897435897436,6.0256410256410255,0.7692307692307692,0.15384615384615383,0,Phyllis2
"wood, pine",20.383098027435665,0.13,9.7,51.336737759086816,42.184840292380095,6.198057474717133,0.13016921998598177,0.13016921998598177,0,Phyllis2
miscanthus,19.933242933138626,4.13,45.0,49.723584020027126,43.496401376864505,5.841243350370293,0.5111087931574007,0.06258475018253885,0,Phyllis2
"wood, hardboard",19.7327852004111,2.7,14.0,49.35585817060637,43.500082219938335,6.214297019527235,0.501924049331963,0.1075551901336074,0,Phyllis2
rape,29.804363057324842,5.8,4.9,62.1,24.900000000000002,9.100001061571126,3.9000000000000004,0.0,0,Phyllis2
straw,20.998405812818564,7.79,10.23,49.325344322741564,43.33333694827025,6.632283917145646,0.5677911289447999,0.14496789936015617,0,Phyllis2
"straw, typical average",19.94814659685864,4.5,14.0,49.73821989528796,42.774869109947645,6.178010471204189,0.7329842931937173,0.15706806282722513,0,Phyllis2
miscanthus,19.65805785123967,3.2,42.0,49.46280991735538,44.19421487603306,5.650826446280992,0.47520661157024796,0.06198347107438017,0,Phyllis2
"rice straw, sprayed",18.808397039194272,17.59,83.0,47.8704040771751,44.81252275209319,6.200703798082757,0.5703191360271811,0.08494114791894188,0,Phyllis2
"algae, Chlorella residu after ethanol extraction",25.89206211315018,5.92,16.12,55.1037028993376,24.32946031056575,7.405798675209034,12.612661526767292,0.8397220110761211,0,Phyllis2
"wood, pine",20.403884762095966,0.38,6.61,52.47942180285084,40.98574583416985,6.113230275045171,0.14053402931138329,0.25095362377032726,0,Phyllis2
"hemp, dried in field",18.966590578958293,3.62,6.8,47.18821332226603,46.10915127619838,6.223282838763229,0.44718821332226605,0.0788545341357128,0,Phyllis2
"wood, robinia",21.49633507853403,4.5,38.8,50.439790575916234,42.28272251308901,5.675392670157068,1.549738219895288,0.0,0,Phyllis2
alfalfa stalks,19.753048780487806,6.52,10.48,48.51624946512623,43.04323919554985,6.154154899443731,2.186816431322208,0.10754835258878906,0,Phyllis2
"wood, spruce, sitca",19.947916666666668,2.08,51.9,50.0,43.90318627450981,5.9,0.19999999999999998,0.0,0,Phyllis2
Fir brushwood,22.194435761175367,4.03,5.69,55.04845264145045,37.25122434093988,6.241533812649787,1.3441700531416068,0.11461915181827655,0,Phyllis2
wheat straw,19.618764643237487,6.1,6.0,49.094781682641106,44.014909478168256,5.963791267305644,0.5324813631522897,0.08519701810436635,0,Phyllis2
miscanthus,19.736567008153877,4.34,41.0,49.80137988710015,43.581434246288936,5.71816851348526,0.5122308174785699,0.06272214091574325,0,Phyllis2
banagrass,19.442698624056813,9.88,4.51,50.0,42.01065246338216,6.014203284509542,0.9320905459387483,0.1220594762538837,0,Phyllis2
"railroad ties, sleepers",17.435897435897438,2.5,30.0,51.57509743589743,41.90475897435898,6.153846153846154,0.29304030769230766,0.058608061538461535,0,Phyllis2
"wheat straw (Dutch, pellets)",19.302857142857142,12.5,9.4,49.142857142857146,43.462857142857146,6.297142857142857,0.7428571428571429,0.0,0,Phyllis2
Used wood,20.201207243460765,0.6,1.4,50.603621730382294,42.605633802816904,6.237424547283703,0.5533199195171027,0.0,Finland,Phyllis2
"wood, fir mill waste",20.50401646751682,0.41,63.0,51.440907721658796,42.273320614519534,6.004618937644342,0.06024701275228436,0.03012350637614218,0,Phyllis2
"wood, Pyrenean oak, pellets from branches > 70 mm",19.774590163934427,2.4,6.32,52.459016393442624,38.97540983606557,6.526639344262295,1.9364754098360655,0.0,0,Phyllis2
"wood, industrial wood waste, dust",19.779116465863453,0.4,11.3,50.70281124497992,43.04819277108434,6.024096385542169,0.20080321285140562,0.0030120481927710845,0,Phyllis2
sunflower shell,23.201625514403293,2.8,9.84,52.94657407407408,39.17362139917696,6.675375514403292,1.0041590534979423,0.20539619341563786,0,Phyllis2
"wood, salix",19.2,2.5,7.6,49.333333333333336,45.02564102564102,6.3589743589743595,0.4102564102564103,0.03692307692307692,0,Phyllis2
Wheat straw,19.87616748871865,4.71,10.25,49.6379473187113,43.54077028019729,6.160142722216392,0.6086682757896946,0.07345996431944592,Denmark,Phyllis2
Shea cakes,23.278601694915256,5.6,4.1,56.355932203389834,35.59322033898305,5.41313559322034,2.8283898305084745,0.3061440677966102,0,Phyllis2
"wood, demolition wood, Fibra Flame pellets, Labee (NL)",20.183112919633775,1.7,11.6,49.91861648016277,43.68769074262462,5.95116988809766,0.4170905391658189,0.0,0,Phyllis2
Sunflower husk pellets,20.5761316872428,2.8,8.6,52.36625514403292,41.1522633744856,5.761316872427983,0.6481481481481481,0.09259259259259259,0,Phyllis2
"wood, mixed hardwood chips",19.748075372833537,0.76,17.2,49.345022168480455,44.48810963321242,5.88472390165256,0.22168480451430875,0.04030632809351068,0,Phyllis2
olive pits,21.990231990231987,1.72,6.08,53.72405372405372,38.91941391941392,6.807081807081808,0.45787545787545786,0.05087505087505088,0,Phyllis2
"wood, pine",20.678953218146912,1.03,7.57,51.39941396382742,42.01273113064565,6.335253107002122,0.18187329493785995,0.040416287763968876,0,Phyllis2
miscanthus,20.039558609202583,3.94,46.0,50.4996876951905,43.32708723714345,5.673537372475536,0.33312513012700395,0.06246096189881324,0,Phyllis2
"Used wood, chemically treated (class C)",20.507614213197968,1.5,27.0,50.65989847715736,42.52791878172589,6.192893401015228,0.5888324873096447,0.03045685279187817,Finland,Phyllis2
